,作物编号,作物名称,地块类型,种植季次,亩产量/斤,销售单价平均值/(元/斤),种植成本/(元/亩),预期销售量/斤,地块名称,地块面积/亩,豆类,评分,作物类型,种植规模,是否种,年份,yield,area,cost,是否种豆
0,41,羊肚菌,普通大棚,第二季,1050.383081684837,100.0,80668.94308900773,3214.541615331994,E16,0.6,0,100.0,粮食,0.6,1.0,2023,630.2298490109022,0.6,48401.36585340464,0.0
1,41,羊肚菌,普通大棚,第二季,1050.383081684837,100.0,80668.94308900773,3214.541615331994,E8,0.6,0,100.0,粮食,0.18,-0.0,2023,-0.0,-0.0,-0.0,-0.0
2,41,羊肚菌,普通大棚,第二季,1050.383081684837,100.0,80668.94308900773,3214.541615331994,E1,0.6,0,100.0,粮食,0.18,0.0,2023,0.0,0.0,0.0,0.0
3,41,羊肚菌,普通大棚,第二季,1050.383081684837,100.0,80668.94308900773,3214.541615331994,E3,0.6,0,100.0,粮食,0.18000040054321287,0.0,2023,0.0,0.0,0.0,0.0
4,41,羊肚菌,普通大棚,第二季,1050.383081684837,100.0,80668.94308900773,3214.541615331994,E4,0.6,0,100.0,粮食,0.18,0.0,2023,0.0,0.0,0.0,0.0
5,41,羊肚菌,普通大棚,第二季,1050.383081684837,100.0,80668.94308900773,3214.541615331994,E5,0.6,0,100.0,粮食,0.18,-0.0,2023,-0.0,-0.0,-0.0,-0.0
6,41,羊肚菌,普通大棚,第二季,1050.383081684837,100.0,80668.94308900773,3214.541615331994,E6,0.6,0,100.0,粮食,0.18,0.0,2023,0.0,0.0,0.0,0.0
7,41,羊肚菌,普通大棚,第二季,1050.383081684837,100.0,80668.94308900773,3214.541615331994,E7,0.6,0,100.0,粮食,0.18,0.0,2023,0.0,0.0,0.0,0.0
8,41,羊肚菌,普通大棚,第二季,1050.383081684837,100.0,80668.94308900773,3214.541615331994,E2,0.6,0,100.0,粮食,0.18,0.0,2023,0.0,0.0,0.0,0.0
9,41,羊肚菌,普通大棚,第二季,1050.383081684837,100.0,80668.94308900773,3214.541615331994,E9,0.6,0,100.0,粮食,0.18,0.0,2023,0.0,0.0,0.0,0.0
10,41,羊肚菌,普通大棚,第二季,1050.383081684837,100.0,80668.94308900773,3214.541615331994,E11,0.6,0,100.0,粮食,0.4818733978271485,1.0,2023,506.15166459162367,0.4818733978271485,38872.21770542503,0.0
11,41,羊肚菌,普通大棚,第二季,1050.383081684837,100.0,80668.94308900773,3214.541615331994,E12,0.6,0,100.0,粮食,0.6,1.0,2023,630.2298490109022,0.6,48401.36585340464,0.0
12,41,羊肚菌,普通大棚,第二季,1050.383081684837,100.0,80668.94308900773,3214.541615331994,E13,0.6,0,100.0,粮食,0.5998938560485839,-0.0,2023,-0.0,-0.0,-0.0,-0.0
13,41,羊肚菌,普通大棚,第二季,1050.383081684837,100.0,80668.94308900773,3214.541615331994,E14,0.6,0,100.0,粮食,0.6,1.0,2023,630.2298490109022,0.6,48401.36585340464,0.0
14,41,羊肚菌,普通大棚,第二季,1050.383081684837,100.0,80668.94308900773,3214.541615331994,E15,0.6,0,100.0,粮食,0.6,1.0,2023,630.2298490109022,0.6,48401.36585340464,0.0
15,41,羊肚菌,普通大棚,第二季,1050.383081684837,100.0,80668.94308900773,3214.541615331994,E10,0.6,0,100.0,粮食,0.599999599456787,1.0,2023,630.2294282870878,0.599999599456787,48401.33354200699,0.0
16,38,榆黄菇,普通大棚,第二季,5251.9154084241845,57.5,24200.68292670232,6888.303461425701,E9,0.6,0,69.93806037,粮食,0.18,0.0,2023,0.0,0.0,0.0,0.0
17,38,榆黄菇,普通大棚,第二季,5251.9154084241845,57.5,24200.68292670232,6888.303461425701,E4,0.6,0,69.93806037,粮食,0.18,0.0,2023,0.0,0.0,0.0,0.0
18,38,榆黄菇,普通大棚,第二季,5251.9154084241845,57.5,24200.68292670232,6888.303461425701,E5,0.6,0,69.93806037,粮食,0.18,0.0,2023,0.0,0.0,0.0,0.0
19,38,榆黄菇,普通大棚,第二季,5251.9154084241845,57.5,24200.68292670232,6888.303461425701,E6,0.6,0,69.93806037,粮食,0.18,0.0,2023,0.0,0.0,0.0,0.0
20,38,榆黄菇,普通大棚,第二季,5251.9154084241845,57.5,24200.68292670232,6888.303461425701,E7,0.6,0,69.93806037,粮食,0.18000080108642577,0.0,2023,0.0,0.0,0.0,0.0
21,38,榆黄菇,普通大棚,第二季,5251.9154084241845,57.5,24200.68292670232,6888.303461425701,E8,0.6,0,69.93806037,粮食,0.18,0.0,2023,0.0,0.0,0.0,0.0
22,38,榆黄菇,普通大棚,第二季,5251.9154084241845,57.5,24200.68292670232,6888.303461425701,E13,0.6,0,69.93806037,粮食,0.18,0.0,2023,0.0,0.0,0.0,0.0
23,38,榆黄菇,普通大棚,第二季,5251.9154084241845,57.5,24200.68292670232,6888.303461425701,E10,0.6,0,69.93806037,粮食,0.18,0.0,2023,0.0,0.0,0.0,0.0
24,38,榆黄菇,普通大棚,第二季,5251.9154084241845,57.5,24200.68292670232,6888.303461425701,E11,0.6,0,69.93806037,粮食,0.18,0.0,2023,0.0,0.0,0.0,0.0
25,38,榆黄菇,普通大棚,第二季,5251.9154084241845,57.5,24200.68292670232,6888.303461425701,E12,0.6,0,69.93806037,粮食,0.18,0.0,2023,0.0,0.0,0.0,0.0
26,38,榆黄菇,普通大棚,第二季,5251.9154084241845,57.5,24200.68292670232,6888.303461425701,E14,0.6,0,69.93806037,粮食,0.18,0.0,2023,0.0,0.0,0.0,0.0
27,38,榆黄菇,普通大棚,第二季,5251.9154084241845,57.5,24200.68292670232,6888.303461425701,E15,0.6,0,69.93806037,粮食,0.18,-0.0,2023,-0.0,-0.0,-0.0,0.0
28,38,榆黄菇,普通大棚,第二季,5251.9154084241845,57.5,24200.68292670232,6888.303461425701,E2,0.6,0,69.93806037,粮食,0.6,1.0,2023,3151.1492450545106,0.6,14520.409756021392,0.0
29,38,榆黄菇,普通大棚,第二季,5251.9154084241845,57.5,24200.68292670232,6888.303461425701,E3,0.6,0,69.93806037,粮食,0.6,1.0,2023,3151.1492450545106,0.6,14520.409756021392,0.0
30,38,榆黄菇,普通大棚,第二季,5251.9154084241845,57.5,24200.68292670232,6888.303461425701,E16,0.6,0,69.93806037,粮食,0.18,1.0,2023,945.3447735163531,0.18,4356.122926806417,0.0
31,38,榆黄菇,普通大棚,第二季,5251.9154084241845,57.5,24200.68292670232,6888.303461425701,E1,0.6,0,69.93806037,粮食,0.6,1.0,2023,3151.1492450545106,0.6,14520.409756021392,0.0
32,35,大白菜,水浇地,第二季,5251.9154084241845,2.5,16133.78861780155,114805.05769042834,D8,20.0,0,60.84214179,粮食,6.0,0.0,2023,0.0,0.0,0.0,0.0
33,35,大白菜,水浇地,第二季,5251.9154084241845,2.5,16133.78861780155,114805.05769042834,D7,22.0,0,60.84214179,粮食,6.6,0.0,2023,0.0,0.0,0.0,0.0
34,35,大白菜,水浇地,第二季,5251.9154084241845,2.5,16133.78861780155,114805.05769042834,D6,12.0,0,60.84214179,粮食,3.6,0.0,2023,0.0,0.0,0.0,0.0
35,35,大白菜,水浇地,第二季,5251.9154084241845,2.5,16133.78861780155,114805.05769042834,D5,10.0,0,60.84214179,粮食,3.0,0.0,2023,0.0,0.0,0.0,0.0
36,35,大白菜,水浇地,第二季,5251.9154084241845,2.5,16133.78861780155,114805.05769042834,D4,6.0,0,60.84214179,粮食,5.999995994567871,1.0,2023,31511.47141435439,5.999995994567871,96802.66708401401,0.0
37,35,大白菜,水浇地,第二季,5251.9154084241845,2.5,16133.78861780155,114805.05769042834,D3,14.0,0,60.84214179,粮食,14.0,1.0,2023,73526.81571793859,14.0,225873.04064922172,0.0
38,35,大白菜,水浇地,第二季,5251.9154084241845,2.5,16133.78861780155,114805.05769042834,D1,15.0,0,60.84214179,粮食,4.5,0.0,2023,0.0,0.0,0.0,0.0
39,35,大白菜,水浇地,第二季,5251.9154084241845,2.5,16133.78861780155,114805.05769042834,D2,10.0,0,60.84214179,粮食,10.0,1.0,2023,52519.15408424185,10.0,161337.8861780155,0.0
40,6,小麦,平旱地,第一季,840.3064653478696,3.5,3630.1024390053476,1161570.131428222,A1,80.0,0,58.79828283,粮食,80.0,-0.0,2023,-0.0,-0.0,-0.0,-0.0
41,6,小麦,平旱地,第一季,840.3064653478696,3.5,3630.1024390053476,1161570.131428222,A6,55.0,0,58.79828283,粮食,16.5,0.0,2023,0.0,0.0,0.0,0.0
42,6,小麦,平旱地,第一季,840.3064653478696,3.5,3630.1024390053476,1161570.131428222,A5,68.0,0,58.79828283,粮食,20.4,0.0,2023,0.0,0.0,0.0,0.0
43,6,小麦,平旱地,第一季,840.3064653478696,3.5,3630.1024390053476,1161570.131428222,A4,72.0,0,58.79828283,粮食,21.6,0.0,2023,0.0,0.0,0.0,0.0
44,6,小麦,平旱地,第一季,840.3064653478696,3.5,3630.1024390053476,1161570.131428222,A3,35.0,0,58.79828283,粮食,10.5,0.0,2023,0.0,0.0,0.0,0.0
45,6,小麦,平旱地,第一季,840.3064653478696,3.5,3630.1024390053476,1161570.131428222,A2,55.0,0,58.79828283,粮食,16.5,0.0,2023,0.0,0.0,0.0,0.0
46,6,小麦,梯田,第一季,798.2911420804759,3.5,3630.1024390053476,1161570.131428222,B10,25.0,0,58.70460806,粮食,7.5,0.0,2023,0.0,0.0,0.0,0.0
47,6,小麦,梯田,第一季,798.2911420804759,3.5,3630.1024390053476,1161570.131428222,B13,35.0,0,58.70460806,粮食,10.5,0.0,2023,0.0,0.0,0.0,0.0
48,6,小麦,梯田,第一季,798.2911420804759,3.5,3630.1024390053476,1161570.131428222,B14,20.0,0,58.70460806,粮食,6.0,0.0,2023,0.0,0.0,0.0,0.0
49,6,小麦,梯田,第一季,798.2911420804759,3.5,3630.1024390053476,1161570.131428222,B1,60.0,0,58.70460806,粮食,59.99995994567871,1.0,2023,47897.43654981867,59.99995994567871,217806.00093903145,0.0
50,6,小麦,梯田,第一季,798.2911420804759,3.5,3630.1024390053476,1161570.131428222,B2,46.0,0,58.70460806,粮食,13.799999999999997,0.0,2023,0.0,0.0,0.0,0.0
51,6,小麦,梯田,第一季,798.2911420804759,3.5,3630.1024390053476,1161570.131428222,B3,40.0,0,58.70460806,粮食,12.00002670288086,0.0,2023,0.0,0.0,0.0,0.0
52,6,小麦,梯田,第一季,798.2911420804759,3.5,3630.1024390053476,1161570.131428222,B4,28.0,0,58.70460806,粮食,8.4,0.0,2023,0.0,0.0,0.0,0.0
53,6,小麦,梯田,第一季,798.2911420804759,3.5,3630.1024390053476,1161570.131428222,B5,25.0,0,58.70460806,粮食,7.5,0.0,2023,0.0,0.0,0.0,0.0
54,6,小麦,梯田,第一季,798.2911420804759,3.5,3630.1024390053476,1161570.131428222,B6,86.0,0,58.70460806,粮食,25.8,0.0,2023,0.0,0.0,0.0,0.0
55,6,小麦,梯田,第一季,798.2911420804759,3.5,3630.1024390053476,1161570.131428222,B7,55.0,0,58.70460806,粮食,52.44277191162109,0.0,2023,0.0,0.0,0.0,0.0
56,6,小麦,梯田,第一季,798.2911420804759,3.5,3630.1024390053476,1161570.131428222,B8,44.0,0,58.70460806,粮食,13.2,0.0,2023,0.0,0.0,0.0,0.0
57,6,小麦,梯田,第一季,798.2911420804759,3.5,3630.1024390053476,1161570.131428222,B9,50.0,0,58.70460806,粮食,15.0,0.0,2023,0.0,0.0,0.0,0.0
58,6,小麦,梯田,第一季,798.2911420804759,3.5,3630.1024390053476,1161570.131428222,B11,60.0,0,58.70460806,粮食,18.0,0.0,2023,0.0,0.0,0.0,0.0
59,6,小麦,梯田,第一季,798.2911420804759,3.5,3630.1024390053476,1161570.131428222,B12,45.0,0,58.70460806,粮食,13.5,0.0,2023,0.0,0.0,0.0,0.0
60,6,小麦,山坡地,第一季,756.2758188130825,3.5,3630.1024390053476,1161570.131428222,C1,15.0,0,58.61093328,粮食,4.5,0.0,2023,0.0,0.0,0.0,0.0
61,6,小麦,山坡地,第一季,756.2758188130825,3.5,3630.1024390053476,1161570.131428222,C2,13.0,0,58.61093328,粮食,3.9,0.0,2023,0.0,0.0,0.0,-0.0
62,6,小麦,山坡地,第一季,756.2758188130825,3.5,3630.1024390053476,1161570.131428222,C3,15.0,0,58.61093328,粮食,4.5,0.0,2023,0.0,0.0,0.0,0.0
63,6,小麦,山坡地,第一季,756.2758188130825,3.5,3630.1024390053476,1161570.131428222,C4,18.0,0,58.61093328,粮食,5.4,0.0,2023,0.0,0.0,0.0,0.0
64,6,小麦,山坡地,第一季,756.2758188130825,3.5,3630.1024390053476,1161570.131428222,C5,27.0,0,58.61093328,粮食,26.995097351074214,1.0,2023,20415.739353122528,26.995097351074214,97994.96873532131,0.0
65,6,小麦,山坡地,第一季,756.2758188130825,3.5,3630.1024390053476,1161570.131428222,C6,20.0,0,58.61093328,粮食,6.0,0.0,2023,0.0,0.0,0.0,0.0
66,7,玉米,平旱地,第一季,1050.383081684837,3.0,4033.4471544503876,911005.7261416699,A1,80.0,0,46.65458073,粮食,24.0,0.0,2023,0.0,0.0,0.0,0.0
67,7,玉米,平旱地,第一季,1050.383081684837,3.0,4033.4471544503876,911005.7261416699,A2,55.0,0,46.65458073,粮食,45.299510955810554,1.0,2023,47581.83991658032,45.299510955810554,182713.18356270823,0.0
68,7,玉米,平旱地,第一季,1050.383081684837,3.0,4033.4471544503876,911005.7261416699,A6,55.0,0,46.65458073,粮食,16.5,0.0,2023,0.0,0.0,0.0,0.0
69,7,玉米,平旱地,第一季,1050.383081684837,3.0,4033.4471544503876,911005.7261416699,A5,68.0,0,46.65458073,粮食,20.4,0.0,2023,0.0,0.0,0.0,0.0
70,7,玉米,平旱地,第一季,1050.383081684837,3.0,4033.4471544503876,911005.7261416699,A4,72.0,0,46.65458073,粮食,21.69920654296875,0.0,2023,0.0,0.0,0.0,0.0
71,7,玉米,平旱地,第一季,1050.383081684837,3.0,4033.4471544503876,911005.7261416699,A3,35.0,0,46.65458073,粮食,35.0,1.0,2023,36763.407858969294,35.0,141170.65040576356,0.0
72,7,玉米,梯田,第一季,997.8639276005949,3.0,4033.4471544503876,911005.7261416699,B6,86.0,0,46.53748726,粮食,25.8,0.0,2023,0.0,0.0,0.0,0.0
73,7,玉米,梯田,第一季,997.8639276005949,3.0,4033.4471544503876,911005.7261416699,B14,20.0,0,46.53748726,粮食,6.0,0.0,2023,0.0,0.0,0.0,0.0
74,7,玉米,梯田,第一季,997.8639276005949,3.0,4033.4471544503876,911005.7261416699,B13,35.0,0,46.53748726,粮食,10.5,0.0,2023,0.0,0.0,0.0,0.0
75,7,玉米,梯田,第一季,997.8639276005949,3.0,4033.4471544503876,911005.7261416699,B12,45.0,0,46.53748726,粮食,45.0,1.0,2023,44903.87674202677,45.0,181505.12195026744,0.0
76,7,玉米,梯田,第一季,997.8639276005949,3.0,4033.4471544503876,911005.7261416699,B5,25.0,0,46.53748726,粮食,7.5,0.0,2023,0.0,0.0,0.0,0.0
77,7,玉米,梯田,第一季,997.8639276005949,3.0,4033.4471544503876,911005.7261416699,B10,25.0,0,46.53748726,粮食,7.5,0.0,2023,0.0,0.0,0.0,0.0
78,7,玉米,梯田,第一季,997.8639276005949,3.0,4033.4471544503876,911005.7261416699,B9,50.0,0,46.53748726,粮食,15.0,-0.0,2023,-0.0,-0.0,-0.0,-0.0
79,7,玉米,梯田,第一季,997.8639276005949,3.0,4033.4471544503876,911005.7261416699,B8,44.0,0,46.53748726,粮食,13.2,0.0,2023,0.0,0.0,0.0,0.0
80,7,玉米,梯田,第一季,997.8639276005949,3.0,4033.4471544503876,911005.7261416699,B1,60.0,0,46.53748726,粮食,18.0,0.0,2023,0.0,0.0,0.0,0.0
81,7,玉米,梯田,第一季,997.8639276005949,3.0,4033.4471544503876,911005.7261416699,B2,46.0,0,46.53748726,粮食,13.799999999999997,0.0,2023,0.0,0.0,0.0,0.0
82,7,玉米,梯田,第一季,997.8639276005949,3.0,4033.4471544503876,911005.7261416699,B3,40.0,0,46.53748726,粮食,12.0,0.0,2023,0.0,0.0,0.0,0.0
83,7,玉米,梯田,第一季,997.8639276005949,3.0,4033.4471544503876,911005.7261416699,B4,28.0,0,46.53748726,粮食,8.4,0.0,2023,0.0,0.0,0.0,0.0
84,7,玉米,梯田,第一季,997.8639276005949,3.0,4033.4471544503876,911005.7261416699,B7,55.0,0,46.53748726,粮食,16.5,-0.0,2023,-0.0,-0.0,-0.0,-0.0
85,7,玉米,梯田,第一季,997.8639276005949,3.0,4033.4471544503876,911005.7261416699,B11,60.0,0,46.53748726,粮食,18.0,0.0,2023,0.0,0.0,0.0,0.0
86,7,玉米,山坡地,第一季,945.3447735163533,3.0,4033.4471544503876,911005.7261416699,C1,15.0,0,46.42039379,粮食,4.5,0.0,2023,0.0,0.0,0.0,0.0
87,7,玉米,山坡地,第一季,945.3447735163533,3.0,4033.4471544503876,911005.7261416699,C2,13.0,0,46.42039379,粮食,3.9,0.0,2023,0.0,0.0,0.0,0.0
88,7,玉米,山坡地,第一季,945.3447735163533,3.0,4033.4471544503876,911005.7261416699,C3,15.0,0,46.42039379,粮食,4.5,0.0,2023,0.0,0.0,0.0,0.0
89,7,玉米,山坡地,第一季,945.3447735163533,3.0,4033.4471544503876,911005.7261416699,C4,18.0,0,46.42039379,粮食,5.4,0.0,2023,0.0,0.0,0.0,0.0
90,7,玉米,山坡地,第一季,945.3447735163533,3.0,4033.4471544503876,911005.7261416699,C6,20.0,0,46.42039379,粮食,6.0,0.0,2023,0.0,0.0,0.0,0.0
91,7,玉米,山坡地,第一季,945.3447735163533,3.0,4033.4471544503876,911005.7261416699,C5,27.0,0,46.42039379,粮食,8.099999999999998,0.0,2023,0.0,0.0,0.0,0.0
92,29,黄瓜,普通大棚,第一季,15755.746225272555,7.0,28234.130081152714,6888.303461425701,E2,0.6,0,43.66277614,粮食,0.18,1.0,2023,2836.03432054906,0.18,5082.143414607488,0.0
93,29,黄瓜,普通大棚,第一季,15755.746225272555,7.0,28234.130081152714,6888.303461425701,E3,0.6,0,43.66277614,粮食,0.18,0.0,2023,0.0,0.0,0.0,0.0
94,29,黄瓜,智慧大棚,第一季,15755.746225272555,7.0,28234.130081152714,6888.303461425701,F2,0.6,0,43.66277614,粮食,0.18,0.0,2023,0.0,0.0,0.0,0.0
95,29,黄瓜,智慧大棚,第一季,15755.746225272555,7.0,28234.130081152714,6888.303461425701,F1,0.6,0,43.66277614,粮食,0.18,0.0,2023,0.0,0.0,0.0,0.0
96,29,黄瓜,普通大棚,第一季,15755.746225272555,7.0,28234.130081152714,6888.303461425701,E16,0.6,0,43.66277614,粮食,0.18,0.0,2023,0.0,0.0,0.0,0.0
97,29,黄瓜,普通大棚,第一季,15755.746225272555,7.0,28234.130081152714,6888.303461425701,E15,0.6,0,43.66277614,粮食,0.18,0.0,2023,0.0,0.0,0.0,0.0
98,29,黄瓜,普通大棚,第一季,15755.746225272555,7.0,28234.130081152714,6888.303461425701,E14,0.6,0,43.66277614,粮食,0.6,1.0,2023,9453.447735163532,0.6,16940.478048691628,0.0
99,29,黄瓜,普通大棚,第一季,15755.746225272555,7.0,28234.130081152714,6888.303461425701,E13,0.6,0,43.66277614,粮食,0.18,0.0,2023,0.0,0.0,0.0,0.0
100,29,黄瓜,普通大棚,第一季,15755.746225272555,7.0,28234.130081152714,6888.303461425701,E12,0.6,0,43.66277614,粮食,0.18,0.0,2023,0.0,0.0,0.0,0.0
101,29,黄瓜,普通大棚,第一季,15755.746225272555,7.0,28234.130081152714,6888.303461425701,E11,0.6,0,43.66277614,粮食,0.18,0.0,2023,0.0,0.0,0.0,0.0
102,29,黄瓜,普通大棚,第一季,15755.746225272555,7.0,28234.130081152714,6888.303461425701,E10,0.6,0,43.66277614,粮食,0.18,0.0,2023,0.0,0.0,0.0,0.0
103,29,黄瓜,普通大棚,第一季,15755.746225272555,7.0,28234.130081152714,6888.303461425701,E9,0.6,0,43.66277614,粮食,0.18,0.0,2023,0.0,0.0,0.0,0.0
104,29,黄瓜,普通大棚,第一季,15755.746225272555,7.0,28234.130081152714,6888.303461425701,E8,0.6,0,43.66277614,粮食,0.18,0.0,2023,0.0,0.0,0.0,0.0
105,29,黄瓜,普通大棚,第一季,15755.746225272555,7.0,28234.130081152714,6888.303461425701,E7,0.6,0,43.66277614,粮食,0.18,0.0,2023,0.0,0.0,0.0,0.0
106,29,黄瓜,普通大棚,第一季,15755.746225272555,7.0,28234.130081152714,6888.303461425701,E6,0.6,0,43.66277614,粮食,0.18,0.0,2023,0.0,0.0,0.0,0.0
107,29,黄瓜,普通大棚,第一季,15755.746225272555,7.0,28234.130081152714,6888.303461425701,E5,0.6,0,43.66277614,粮食,0.18,0.0,2023,0.0,0.0,0.0,0.0
108,29,黄瓜,普通大棚,第一季,15755.746225272555,7.0,28234.130081152714,6888.303461425701,E4,0.6,0,43.66277614,粮食,0.18,0.0,2023,0.0,0.0,0.0,0.0
109,29,黄瓜,智慧大棚,第一季,15755.746225272555,7.0,28234.130081152714,6888.303461425701,F3,0.6,0,43.66277614,粮食,0.18,0.0,2023,0.0,0.0,0.0,0.0
110,29,黄瓜,智慧大棚,第一季,15755.746225272555,7.0,28234.130081152714,6888.303461425701,F4,0.6,0,43.66277614,粮食,0.18,0.0,2023,0.0,0.0,0.0,0.0
111,29,黄瓜,普通大棚,第一季,15755.746225272555,7.0,28234.130081152714,6888.303461425701,E1,0.6,0,43.66277614,粮食,0.18,0.0,2023,0.0,0.0,0.0,0.0
112,40,白灵菇,普通大棚,第二季,10503.830816848369,16.0,80668.94308900773,13776.606922851402,E11,0.6,0,42.90373362,粮食,0.18,0.0,2023,0.0,0.0,0.0,0.0
113,40,白灵菇,普通大棚,第二季,10503.830816848369,16.0,80668.94308900773,13776.606922851402,E10,0.6,0,42.90373362,粮食,0.18,0.0,2023,0.0,0.0,0.0,0.0
114,40,白灵菇,普通大棚,第二季,10503.830816848369,16.0,80668.94308900773,13776.606922851402,E16,0.6,0,42.90373362,粮食,0.18,0.0,2023,0.0,0.0,0.0,0.0
115,40,白灵菇,普通大棚,第二季,10503.830816848369,16.0,80668.94308900773,13776.606922851402,E15,0.6,0,42.90373362,粮食,0.18,0.0,2023,0.0,0.0,0.0,0.0
116,40,白灵菇,普通大棚,第二季,10503.830816848369,16.0,80668.94308900773,13776.606922851402,E14,0.6,0,42.90373362,粮食,0.18,0.0,2023,0.0,0.0,0.0,0.0
117,40,白灵菇,普通大棚,第二季,10503.830816848369,16.0,80668.94308900773,13776.606922851402,E13,0.6,0,42.90373362,粮食,0.18,0.0,2023,0.0,0.0,0.0,0.0
118,40,白灵菇,普通大棚,第二季,10503.830816848369,16.0,80668.94308900773,13776.606922851402,E12,0.6,0,42.90373362,粮食,0.18,0.0,2023,0.0,0.0,0.0,0.0
119,40,白灵菇,普通大棚,第二季,10503.830816848369,16.0,80668.94308900773,13776.606922851402,E1,0.6,0,42.90373362,粮食,0.18,0.0,2023,0.0,0.0,0.0,0.0
120,40,白灵菇,普通大棚,第二季,10503.830816848369,16.0,80668.94308900773,13776.606922851402,E9,0.6,0,42.90373362,粮食,0.6,1.0,2023,6302.298490109021,0.6,48401.36585340464,0.0
121,40,白灵菇,普通大棚,第二季,10503.830816848369,16.0,80668.94308900773,13776.606922851402,E8,0.6,0,42.90373362,粮食,0.6,1.0,2023,6302.298490109021,0.6,48401.36585340464,0.0
122,40,白灵菇,普通大棚,第二季,10503.830816848369,16.0,80668.94308900773,13776.606922851402,E7,0.6,0,42.90373362,粮食,0.6,1.0,2023,6302.298490109021,0.6,48401.36585340464,0.0
123,40,白灵菇,普通大棚,第二季,10503.830816848369,16.0,80668.94308900773,13776.606922851402,E6,0.6,0,42.90373362,粮食,0.18,0.0,2023,0.0,0.0,0.0,0.0
124,40,白灵菇,普通大棚,第二季,10503.830816848369,16.0,80668.94308900773,13776.606922851402,E5,0.6,0,42.90373362,粮食,0.18,0.0,2023,0.0,0.0,0.0,0.0
125,40,白灵菇,普通大棚,第二季,10503.830816848369,16.0,80668.94308900773,13776.606922851402,E4,0.6,0,42.90373362,粮食,0.18,0.0,2023,0.0,0.0,0.0,0.0
126,40,白灵菇,普通大棚,第二季,10503.830816848369,16.0,80668.94308900773,13776.606922851402,E3,0.6,0,42.90373362,粮食,0.18,0.0,2023,0.0,0.0,0.0,0.0
127,40,白灵菇,普通大棚,第二季,10503.830816848369,16.0,80668.94308900773,13776.606922851402,E2,0.6,0,42.90373362,粮食,0.18,0.0,2023,0.0,0.0,0.0,0.0
128,36,白萝卜,水浇地,第二季,4201.532326739348,2.5,4033.4471544503876,76536.70512695223,D5,10.0,0,42.77237078,粮食,10.0,1.0,2023,42015.323267393476,10.0,40334.471544503875,0.0
129,36,白萝卜,水浇地,第二季,4201.532326739348,2.5,4033.4471544503876,76536.70512695223,D3,14.0,0,42.77237078,粮食,4.2,0.0,2023,0.0,0.0,0.0,0.0
130,36,白萝卜,水浇地,第二季,4201.532326739348,2.5,4033.4471544503876,76536.70512695223,D4,6.0,0,42.77237078,粮食,1.7999999999999998,0.0,2023,0.0,0.0,0.0,0.0
131,36,白萝卜,水浇地,第二季,4201.532326739348,2.5,4033.4471544503876,76536.70512695223,D8,20.0,0,42.77237078,粮食,6.00001335144043,1.0,2023,25209.25005694466,6.00001335144043,24200.736779031733,0.0
132,36,白萝卜,水浇地,第二季,4201.532326739348,2.5,4033.4471544503876,76536.70512695223,D6,12.0,0,42.77237078,粮食,3.6,0.0,2023,0.0,0.0,0.0,0.0
133,36,白萝卜,水浇地,第二季,4201.532326739348,2.5,4033.4471544503876,76536.70512695223,D1,15.0,0,42.77237078,粮食,15.0,1.0,2023,63022.98490109022,15.0,60501.70731675581,0.0
134,36,白萝卜,水浇地,第二季,4201.532326739348,2.5,4033.4471544503876,76536.70512695223,D2,10.0,0,42.77237078,粮食,3.0,0.0,2023,0.0,0.0,0.0,0.0
135,36,白萝卜,水浇地,第二季,4201.532326739348,2.5,4033.4471544503876,76536.70512695223,D7,22.0,0,42.77237078,粮食,6.6,0.0,2023,0.0,0.0,0.0,0.0
136,29,黄瓜,智慧大棚,第二季,14180.1716027453,8.4,31057.543089267983,3099.7365576415655,F4,0.6,0,39.91080205,粮食,0.18,0.0,2023,0.0,0.0,0.0,0.0
137,29,黄瓜,智慧大棚,第二季,14180.1716027453,8.4,31057.543089267983,3099.7365576415655,F1,0.6,0,39.91080205,粮食,0.18,0.0,2023,0.0,0.0,0.0,0.0
138,29,黄瓜,智慧大棚,第二季,14180.1716027453,8.4,31057.543089267983,3099.7365576415655,F2,0.6,0,39.91080205,粮食,0.3000020027160644,1.0,2023,4254.079879681055,0.3000020027160644,9317.325126220861,0.0
139,29,黄瓜,智慧大棚,第二季,14180.1716027453,8.4,31057.543089267983,3099.7365576415655,F3,0.6,0,39.91080205,粮食,0.18,0.0,2023,0.0,0.0,0.0,0.0
140,11,荞麦,平旱地,第一季,115.54213898533206,40.0,2823.413008115271,1148.0505769042834,A1,80.0,0,39.20951442,粮食,24.0,0.0,2023,0.0,0.0,0.0,0.0
141,11,荞麦,平旱地,第一季,115.54213898533206,40.0,2823.413008115271,1148.0505769042834,A2,55.0,0,39.20951442,粮食,16.5,0.0,2023,0.0,0.0,0.0,0.0
142,11,荞麦,平旱地,第一季,115.54213898533206,40.0,2823.413008115271,1148.0505769042834,A3,35.0,0,39.20951442,粮食,10.5,0.0,2023,0.0,0.0,0.0,0.0
143,11,荞麦,平旱地,第一季,115.54213898533206,40.0,2823.413008115271,1148.0505769042834,A4,72.0,0,39.20951442,粮食,21.6,0.0,2023,0.0,0.0,0.0,0.0
144,11,荞麦,平旱地,第一季,115.54213898533206,40.0,2823.413008115271,1148.0505769042834,A5,68.0,0,39.20951442,粮食,20.4,0.0,2023,0.0,0.0,0.0,0.0
145,11,荞麦,平旱地,第一季,115.54213898533206,40.0,2823.413008115271,1148.0505769042834,A6,55.0,0,39.20951442,粮食,16.5,0.0,2023,0.0,0.0,0.0,0.0
146,11,荞麦,梯田,第一季,110.29022357690788,40.0,2823.413008115271,1148.0505769042834,B4,28.0,0,39.19780508,粮食,8.4,0.0,2023,0.0,0.0,0.0,0.0
147,11,荞麦,梯田,第一季,110.29022357690788,40.0,2823.413008115271,1148.0505769042834,B1,60.0,0,39.19780508,粮食,18.0,0.0,2023,0.0,0.0,0.0,0.0
148,11,荞麦,梯田,第一季,110.29022357690788,40.0,2823.413008115271,1148.0505769042834,B2,46.0,0,39.19780508,粮食,13.799999999999997,0.0,2023,0.0,0.0,0.0,0.0
149,11,荞麦,梯田,第一季,110.29022357690788,40.0,2823.413008115271,1148.0505769042834,B3,40.0,0,39.19780508,粮食,12.0,0.0,2023,0.0,0.0,0.0,0.0
150,11,荞麦,梯田,第一季,110.29022357690788,40.0,2823.413008115271,1148.0505769042834,B10,25.0,0,39.19780508,粮食,7.5,0.0,2023,0.0,0.0,0.0,0.0
151,11,荞麦,梯田,第一季,110.29022357690788,40.0,2823.413008115271,1148.0505769042834,B9,50.0,0,39.19780508,粮食,15.0,0.0,2023,0.0,0.0,0.0,0.0
152,11,荞麦,梯田,第一季,110.29022357690788,40.0,2823.413008115271,1148.0505769042834,B14,20.0,0,39.19780508,粮食,6.0,0.0,2023,0.0,0.0,0.0,0.0
153,11,荞麦,梯田,第一季,110.29022357690788,40.0,2823.413008115271,1148.0505769042834,B13,35.0,0,39.19780508,粮食,10.5,0.0,2023,0.0,0.0,0.0,0.0
154,11,荞麦,梯田,第一季,110.29022357690788,40.0,2823.413008115271,1148.0505769042834,B12,45.0,0,39.19780508,粮食,13.5,0.0,2023,0.0,0.0,0.0,0.0
155,11,荞麦,梯田,第一季,110.29022357690788,40.0,2823.413008115271,1148.0505769042834,B11,60.0,0,39.19780508,粮食,18.0,0.0,2023,0.0,0.0,0.0,0.0
156,11,荞麦,梯田,第一季,110.29022357690788,40.0,2823.413008115271,1148.0505769042834,B6,86.0,0,39.19780508,粮食,25.8,0.0,2023,0.0,0.0,0.0,0.0
157,11,荞麦,梯田,第一季,110.29022357690788,40.0,2823.413008115271,1148.0505769042834,B7,55.0,0,39.19780508,粮食,16.5,0.0,2023,0.0,0.0,0.0,0.0
158,11,荞麦,梯田,第一季,110.29022357690788,40.0,2823.413008115271,1148.0505769042834,B8,44.0,0,39.19780508,粮食,13.2,0.0,2023,0.0,0.0,0.0,0.0
159,11,荞麦,梯田,第一季,110.29022357690788,40.0,2823.413008115271,1148.0505769042834,B5,25.0,0,39.19780508,粮食,7.5,0.0,2023,0.0,0.0,0.0,0.0
160,11,荞麦,山坡地,第一季,105.0383081684837,40.0,2823.413008115271,1148.0505769042834,C6,20.0,0,39.18609573,粮食,6.0,0.0,2023,0.0,0.0,0.0,0.0
161,11,荞麦,山坡地,第一季,105.0383081684837,40.0,2823.413008115271,1148.0505769042834,C4,18.0,0,39.18609573,粮食,5.4,0.0,2023,0.0,0.0,0.0,0.0
162,11,荞麦,山坡地,第一季,105.0383081684837,40.0,2823.413008115271,1148.0505769042834,C3,15.0,0,39.18609573,粮食,4.5,0.0,2023,0.0,0.0,0.0,0.0
163,11,荞麦,山坡地,第一季,105.0383081684837,40.0,2823.413008115271,1148.0505769042834,C5,27.0,0,39.18609573,粮食,8.099999999999998,0.0,2023,0.0,0.0,0.0,0.0
164,11,荞麦,山坡地,第一季,105.0383081684837,40.0,2823.413008115271,1148.0505769042834,C2,13.0,0,39.18609573,粮食,3.9,0.0,2023,0.0,0.0,0.0,0.0
165,11,荞麦,山坡地,第一季,105.0383081684837,40.0,2823.413008115271,1148.0505769042834,C1,15.0,0,39.18609573,粮食,15.0,1.0,2023,1575.5746225272555,15.0,42351.19512172907,0.0
166,22,茄子,普通大棚,第一季,8403.064653478696,5.5,19360.546341361856,33063.85661484335,E16,0.6,0,36.80122878,粮食,0.18,0.0,2023,0.0,0.0,0.0,0.0
167,22,茄子,普通大棚,第一季,8403.064653478696,5.5,19360.546341361856,33063.85661484335,E5,0.6,0,36.80122878,粮食,0.18,0.0,2023,0.0,0.0,0.0,0.0
168,22,茄子,普通大棚,第一季,8403.064653478696,5.5,19360.546341361856,33063.85661484335,E1,0.6,0,36.80122878,粮食,0.18,0.0,2023,0.0,0.0,0.0,0.0
169,22,茄子,智慧大棚,第一季,8403.064653478696,5.5,19360.546341361856,33063.85661484335,F4,0.6,0,36.80122878,粮食,0.18,0.0,2023,0.0,0.0,0.0,0.0
170,22,茄子,普通大棚,第一季,8403.064653478696,5.5,19360.546341361856,33063.85661484335,E15,0.6,0,36.80122878,粮食,0.18,0.0,2023,0.0,0.0,0.0,0.0
171,22,茄子,智慧大棚,第一季,8403.064653478696,5.5,19360.546341361856,33063.85661484335,F2,0.6,0,36.80122878,粮食,0.18,0.0,2023,0.0,0.0,0.0,0.0
172,22,茄子,普通大棚,第一季,8403.064653478696,5.5,19360.546341361856,33063.85661484335,E2,0.6,0,36.80122878,粮食,0.18,0.0,2023,0.0,0.0,0.0,0.0
173,22,茄子,智慧大棚,第一季,8403.064653478696,5.5,19360.546341361856,33063.85661484335,F1,0.6,0,36.80122878,粮食,0.18,0.0,2023,0.0,0.0,0.0,0.0
174,22,茄子,普通大棚,第一季,8403.064653478696,5.5,19360.546341361856,33063.85661484335,E3,0.6,0,36.80122878,粮食,0.18000040054321287,0.0,2023,0.0,0.0,0.0,0.0
175,22,茄子,普通大棚,第一季,8403.064653478696,5.5,19360.546341361856,33063.85661484335,E4,0.6,0,36.80122878,粮食,0.18,0.0,2023,0.0,0.0,0.0,0.0
176,22,茄子,智慧大棚,第一季,8403.064653478696,5.5,19360.546341361856,33063.85661484335,F3,0.6,0,36.80122878,粮食,0.18,0.0,2023,0.0,0.0,0.0,0.0
177,22,茄子,普通大棚,第一季,8403.064653478696,5.5,19360.546341361856,33063.85661484335,E6,0.6,0,36.80122878,粮食,0.18,0.0,2023,0.0,0.0,0.0,0.0
178,22,茄子,普通大棚,第一季,8403.064653478696,5.5,19360.546341361856,33063.85661484335,E7,0.6,0,36.80122878,粮食,0.18,0.0,2023,0.0,0.0,0.0,0.0
179,22,茄子,普通大棚,第一季,8403.064653478696,5.5,19360.546341361856,33063.85661484335,E8,0.6,0,36.80122878,粮食,0.18,0.0,2023,0.0,0.0,0.0,0.0
180,22,茄子,普通大棚,第一季,8403.064653478696,5.5,19360.546341361856,33063.85661484335,E9,0.6,0,36.80122878,粮食,0.18,0.0,2023,0.0,0.0,0.0,0.0
181,22,茄子,普通大棚,第一季,8403.064653478696,5.5,19360.546341361856,33063.85661484335,E10,0.6,0,36.80122878,粮食,0.18,0.0,2023,0.0,0.0,0.0,0.0
182,22,茄子,普通大棚,第一季,8403.064653478696,5.5,19360.546341361856,33063.85661484335,E11,0.6,0,36.80122878,粮食,0.18,1.0,2023,1512.551637626165,0.18,3484.898341445134,0.0
183,22,茄子,普通大棚,第一季,8403.064653478696,5.5,19360.546341361856,33063.85661484335,E12,0.6,0,36.80122878,粮食,0.6,1.0,2023,5041.838792087217,0.6,11616.327804817114,0.0
184,22,茄子,普通大棚,第一季,8403.064653478696,5.5,19360.546341361856,33063.85661484335,E13,0.6,0,36.80122878,粮食,0.18,0.0,2023,0.0,0.0,0.0,0.0
185,22,茄子,普通大棚,第一季,8403.064653478696,5.5,19360.546341361856,33063.85661484335,E14,0.6,0,36.80122878,粮食,0.18,0.0,2023,0.0,0.0,0.0,0.0
186,29,黄瓜,水浇地,第一季,12604.596980218043,7.0,28234.130081152714,6888.303461425701,D2,10.0,0,36.63716806,粮食,3.0,0.0,2023,0.0,0.0,0.0,0.0
187,29,黄瓜,水浇地,第一季,12604.596980218043,7.0,28234.130081152714,6888.303461425701,D1,15.0,0,36.63716806,粮食,4.5,0.0,2023,0.0,0.0,0.0,0.0
188,29,黄瓜,水浇地,第一季,12604.596980218043,7.0,28234.130081152714,6888.303461425701,D4,6.0,0,36.63716806,粮食,1.7999999999999998,0.0,2023,0.0,0.0,0.0,0.0
189,29,黄瓜,水浇地,第一季,12604.596980218043,7.0,28234.130081152714,6888.303461425701,D8,20.0,0,36.63716806,粮食,6.0,0.0,2023,0.0,0.0,0.0,0.0
190,29,黄瓜,水浇地,第一季,12604.596980218043,7.0,28234.130081152714,6888.303461425701,D5,10.0,0,36.63716806,粮食,3.0,0.0,2023,0.0,0.0,0.0,0.0
191,29,黄瓜,水浇地,第一季,12604.596980218043,7.0,28234.130081152714,6888.303461425701,D6,12.0,0,36.63716806,粮食,3.6,0.0,2023,0.0,0.0,0.0,0.0
192,29,黄瓜,水浇地,第一季,12604.596980218043,7.0,28234.130081152714,6888.303461425701,D7,22.0,0,36.63716806,粮食,6.6,0.0,2023,0.0,0.0,0.0,0.0
193,29,黄瓜,水浇地,第一季,12604.596980218043,7.0,28234.130081152714,6888.303461425701,D3,14.0,0,36.63716806,粮食,4.2,0.0,2023,0.0,0.0,0.0,0.0
194,22,茄子,水浇地,第一季,6722.4517227829565,5.5,19360.546341361856,33063.85661484335,D7,22.0,0,33.0542378,粮食,6.6,0.0,2023,0.0,0.0,0.0,0.0
195,22,茄子,水浇地,第一季,6722.4517227829565,5.5,19360.546341361856,33063.85661484335,D1,15.0,0,33.0542378,粮食,4.5,0.0,2023,0.0,0.0,0.0,0.0
196,22,茄子,水浇地,第一季,6722.4517227829565,5.5,19360.546341361856,33063.85661484335,D2,10.0,0,33.0542378,粮食,3.0,-0.0,2023,-0.0,-0.0,-0.0,-0.0
197,22,茄子,水浇地,第一季,6722.4517227829565,5.5,19360.546341361856,33063.85661484335,D3,14.0,0,33.0542378,粮食,4.2,0.0,2023,0.0,0.0,0.0,0.0
198,22,茄子,水浇地,第一季,6722.4517227829565,5.5,19360.546341361856,33063.85661484335,D4,6.0,0,33.0542378,粮食,5.439976501464844,1.0,2023,36569.979404171136,5.439976501464844,105320.91715252966,0.0
199,22,茄子,水浇地,第一季,6722.4517227829565,5.5,19360.546341361856,33063.85661484335,D5,10.0,0,33.0542378,粮食,3.0,0.0,2023,0.0,0.0,0.0,0.0
200,22,茄子,水浇地,第一季,6722.4517227829565,5.5,19360.546341361856,33063.85661484335,D6,12.0,0,33.0542378,粮食,3.6,0.0,2023,0.0,0.0,0.0,0.0
201,22,茄子,水浇地,第一季,6722.4517227829565,5.5,19360.546341361856,33063.85661484335,D8,20.0,0,33.0542378,粮食,6.0,0.0,2023,0.0,0.0,0.0,0.0
202,32,空心菜,普通大棚,第一季,12604.596980218043,4.5,40334.47154450387,2755.3213845702803,E8,0.6,0,32.28748572,粮食,0.18,0.0,2023,0.0,0.0,0.0,0.0
203,32,空心菜,普通大棚,第一季,12604.596980218043,4.5,40334.47154450387,2755.3213845702803,E9,0.6,0,32.28748572,粮食,0.18,0.0,2023,0.0,0.0,0.0,0.0
204,32,空心菜,普通大棚,第一季,12604.596980218043,4.5,40334.47154450387,2755.3213845702803,E14,0.6,0,32.28748572,粮食,0.18,0.0,2023,0.0,0.0,0.0,0.0
205,32,空心菜,普通大棚,第一季,12604.596980218043,4.5,40334.47154450387,2755.3213845702803,E12,0.6,0,32.28748572,粮食,0.18,0.0,2023,0.0,0.0,0.0,0.0
206,32,空心菜,智慧大棚,第一季,12604.596980218043,4.5,40334.47154450387,2755.3213845702803,F4,0.6,0,32.28748572,粮食,0.18,-0.0,2023,-0.0,-0.0,-0.0,-0.0
207,32,空心菜,智慧大棚,第一季,12604.596980218043,4.5,40334.47154450387,2755.3213845702803,F3,0.6,0,32.28748572,粮食,0.18,0.0,2023,0.0,0.0,0.0,0.0
208,32,空心菜,智慧大棚,第一季,12604.596980218043,4.5,40334.47154450387,2755.3213845702803,F2,0.6,0,32.28748572,粮食,0.18,0.0,2023,0.0,0.0,0.0,0.0
209,32,空心菜,智慧大棚,第一季,12604.596980218043,4.5,40334.47154450387,2755.3213845702803,F1,0.6,0,32.28748572,粮食,0.29999359130859377,1.0,2023,3781.298315093067,0.29999359130859377,12100.082972169997,0.0
210,32,空心菜,普通大棚,第一季,12604.596980218043,4.5,40334.47154450387,2755.3213845702803,E16,0.6,0,32.28748572,粮食,0.18,-0.0,2023,-0.0,-0.0,-0.0,-0.0
211,32,空心菜,普通大棚,第一季,12604.596980218043,4.5,40334.47154450387,2755.3213845702803,E15,0.6,0,32.28748572,粮食,0.18,0.0,2023,0.0,0.0,0.0,0.0
212,32,空心菜,普通大棚,第一季,12604.596980218043,4.5,40334.47154450387,2755.3213845702803,E13,0.6,0,32.28748572,粮食,0.18,0.0,2023,0.0,0.0,0.0,0.0
213,32,空心菜,普通大棚,第一季,12604.596980218043,4.5,40334.47154450387,2755.3213845702803,E11,0.6,0,32.28748572,粮食,0.18,0.0,2023,0.0,0.0,0.0,0.0
214,32,空心菜,普通大棚,第一季,12604.596980218043,4.5,40334.47154450387,2755.3213845702803,E10,0.6,0,32.28748572,粮食,0.18,0.0,2023,0.0,0.0,0.0,0.0
215,32,空心菜,普通大棚,第一季,12604.596980218043,4.5,40334.47154450387,2755.3213845702803,E1,0.6,0,32.28748572,粮食,0.18,0.0,2023,0.0,0.0,0.0,0.0
216,32,空心菜,普通大棚,第一季,12604.596980218043,4.5,40334.47154450387,2755.3213845702803,E2,0.6,0,32.28748572,粮食,0.18,0.0,2023,0.0,0.0,0.0,0.0
217,32,空心菜,普通大棚,第一季,12604.596980218043,4.5,40334.47154450387,2755.3213845702803,E3,0.6,0,32.28748572,粮食,0.18,0.0,2023,0.0,0.0,0.0,0.0
218,32,空心菜,普通大棚,第一季,12604.596980218043,4.5,40334.47154450387,2755.3213845702803,E4,0.6,0,32.28748572,粮食,0.18,0.0,2023,0.0,0.0,0.0,0.0
219,32,空心菜,普通大棚,第一季,12604.596980218043,4.5,40334.47154450387,2755.3213845702803,E5,0.6,0,32.28748572,粮食,0.18,0.0,2023,0.0,0.0,0.0,0.0
220,32,空心菜,普通大棚,第一季,12604.596980218043,4.5,40334.47154450387,2755.3213845702803,E6,0.6,0,32.28748572,粮食,0.18,0.0,2023,0.0,0.0,0.0,0.0
221,32,空心菜,普通大棚,第一季,12604.596980218043,4.5,40334.47154450387,2755.3213845702803,E7,0.6,0,32.28748572,粮食,0.18,0.0,2023,0.0,0.0,0.0,0.0
222,8,谷子,平旱地,第一季,420.1532326739348,6.75,2904.081951204279,54647.20746064389,A4,72.0,0,29.43879099,粮食,21.6,0.0,2023,0.0,0.0,0.0,0.0
223,8,谷子,平旱地,第一季,420.1532326739348,6.75,2904.081951204279,54647.20746064389,A6,55.0,0,29.43879099,粮食,35.75,1.0,2023,15020.478068093169,35.75,103820.92975555298,0.0
224,8,谷子,平旱地,第一季,420.1532326739348,6.75,2904.081951204279,54647.20746064389,A5,68.0,0,29.43879099,粮食,20.4,0.0,2023,0.0,0.0,0.0,0.0
225,8,谷子,平旱地,第一季,420.1532326739348,6.75,2904.081951204279,54647.20746064389,A3,35.0,0,29.43879099,粮食,10.5,0.0,2023,0.0,0.0,0.0,0.0
226,8,谷子,平旱地,第一季,420.1532326739348,6.75,2904.081951204279,54647.20746064389,A2,55.0,0,29.43879099,粮食,16.5,0.0,2023,0.0,0.0,0.0,0.0
227,8,谷子,平旱地,第一季,420.1532326739348,6.75,2904.081951204279,54647.20746064389,A1,80.0,0,29.43879099,粮食,24.0,0.0,2023,0.0,0.0,0.0,0.0
228,8,谷子,梯田,第一季,399.14557104023794,6.75,2904.081951204279,54647.20746064389,B3,40.0,0,29.3919536,粮食,12.0,0.0,2023,0.0,0.0,0.0,0.0
229,8,谷子,梯田,第一季,399.14557104023794,6.75,2904.081951204279,54647.20746064389,B1,60.0,0,29.3919536,粮食,18.0,0.0,2023,0.0,0.0,0.0,0.0
230,8,谷子,梯田,第一季,399.14557104023794,6.75,2904.081951204279,54647.20746064389,B2,46.0,0,29.3919536,粮食,13.799999999999997,0.0,2023,0.0,0.0,0.0,0.0
231,8,谷子,梯田,第一季,399.14557104023794,6.75,2904.081951204279,54647.20746064389,B8,44.0,0,29.3919536,粮食,44.0,1.0,2023,17562.40512577047,44.0,127779.60585298827,0.0
232,8,谷子,梯田,第一季,399.14557104023794,6.75,2904.081951204279,54647.20746064389,B6,86.0,0,29.3919536,粮食,86.0,1.0,2023,34326.51910946046,86.0,249751.04780356798,0.0
233,8,谷子,梯田,第一季,399.14557104023794,6.75,2904.081951204279,54647.20746064389,B9,50.0,0,29.3919536,粮食,15.0,0.0,2023,0.0,0.0,0.0,0.0
234,8,谷子,梯田,第一季,399.14557104023794,6.75,2904.081951204279,54647.20746064389,B4,28.0,0,29.3919536,粮食,8.4,0.0,2023,0.0,0.0,0.0,0.0
235,8,谷子,梯田,第一季,399.14557104023794,6.75,2904.081951204279,54647.20746064389,B5,25.0,0,29.3919536,粮食,7.5,0.0,2023,0.0,0.0,0.0,0.0
236,8,谷子,梯田,第一季,399.14557104023794,6.75,2904.081951204279,54647.20746064389,B7,55.0,0,29.3919536,粮食,16.5,0.0,2023,0.0,0.0,0.0,0.0
237,8,谷子,梯田,第一季,399.14557104023794,6.75,2904.081951204279,54647.20746064389,B14,20.0,0,29.3919536,粮食,6.0,0.0,2023,0.0,0.0,0.0,0.0
238,8,谷子,梯田,第一季,399.14557104023794,6.75,2904.081951204279,54647.20746064389,B13,35.0,0,29.3919536,粮食,10.5,0.0,2023,0.0,0.0,0.0,0.0
239,8,谷子,梯田,第一季,399.14557104023794,6.75,2904.081951204279,54647.20746064389,B12,45.0,0,29.3919536,粮食,13.5,0.0,2023,0.0,0.0,0.0,0.0
240,8,谷子,梯田,第一季,399.14557104023794,6.75,2904.081951204279,54647.20746064389,B11,60.0,0,29.3919536,粮食,18.0,0.0,2023,0.0,0.0,0.0,0.0
241,8,谷子,梯田,第一季,399.14557104023794,6.75,2904.081951204279,54647.20746064389,B10,25.0,0,29.3919536,粮食,7.5,0.0,2023,0.0,0.0,0.0,0.0
242,8,谷子,山坡地,第一季,378.13790940654127,6.75,2904.081951204279,54647.20746064389,C4,18.0,0,29.34511622,粮食,5.4,-0.0,2023,-0.0,-0.0,-0.0,-0.0
243,8,谷子,山坡地,第一季,378.13790940654127,6.75,2904.081951204279,54647.20746064389,C3,15.0,0,29.34511622,粮食,4.5,0.0,2023,0.0,0.0,0.0,0.0
244,8,谷子,山坡地,第一季,378.13790940654127,6.75,2904.081951204279,54647.20746064389,C1,15.0,0,29.34511622,粮食,4.5,0.0,2023,0.0,0.0,0.0,0.0
245,8,谷子,山坡地,第一季,378.13790940654127,6.75,2904.081951204279,54647.20746064389,C2,13.0,0,29.34511622,粮食,3.9,0.0,2023,0.0,0.0,0.0,0.0
246,8,谷子,山坡地,第一季,378.13790940654127,6.75,2904.081951204279,54647.20746064389,C6,20.0,0,29.34511622,粮食,6.0,0.0,2023,0.0,0.0,0.0,0.0
247,8,谷子,山坡地,第一季,378.13790940654127,6.75,2904.081951204279,54647.20746064389,C5,27.0,0,29.34511622,粮食,8.099999999999998,0.0,2023,0.0,0.0,0.0,0.0
248,39,香菇,普通大棚,第二季,4201.532326739348,19.0,16133.78861780155,5510.64276914056,E12,0.6,0,29.29928394,粮食,0.18,0.0,2023,0.0,0.0,0.0,0.0
249,39,香菇,普通大棚,第二季,4201.532326739348,19.0,16133.78861780155,5510.64276914056,E1,0.6,0,29.29928394,粮食,0.18,0.0,2023,0.0,0.0,0.0,0.0
250,39,香菇,普通大棚,第二季,4201.532326739348,19.0,16133.78861780155,5510.64276914056,E2,0.6,0,29.29928394,粮食,0.18,0.0,2023,0.0,0.0,0.0,0.0
251,39,香菇,普通大棚,第二季,4201.532326739348,19.0,16133.78861780155,5510.64276914056,E3,0.6,0,29.29928394,粮食,0.18,0.0,2023,0.0,0.0,0.0,0.0
252,39,香菇,普通大棚,第二季,4201.532326739348,19.0,16133.78861780155,5510.64276914056,E4,0.6,0,29.29928394,粮食,0.6,1.0,2023,2520.9193960436087,0.6,9680.27317068093,0.0
253,39,香菇,普通大棚,第二季,4201.532326739348,19.0,16133.78861780155,5510.64276914056,E5,0.6,0,29.29928394,粮食,0.6,1.0,2023,2520.9193960436087,0.6,9680.27317068093,0.0
254,39,香菇,普通大棚,第二季,4201.532326739348,19.0,16133.78861780155,5510.64276914056,E7,0.6,0,29.29928394,粮食,0.18,0.0,2023,0.0,0.0,0.0,0.0
255,39,香菇,普通大棚,第二季,4201.532326739348,19.0,16133.78861780155,5510.64276914056,E8,0.6,0,29.29928394,粮食,0.18,1.0,2023,756.2758188130825,0.18,2904.081951204279,0.0
256,39,香菇,普通大棚,第二季,4201.532326739348,19.0,16133.78861780155,5510.64276914056,E9,0.6,0,29.29928394,粮食,0.18,0.0,2023,0.0,0.0,0.0,0.0
257,39,香菇,普通大棚,第二季,4201.532326739348,19.0,16133.78861780155,5510.64276914056,E10,0.6,0,29.29928394,粮食,0.18,0.0,2023,0.0,0.0,0.0,0.0
258,39,香菇,普通大棚,第二季,4201.532326739348,19.0,16133.78861780155,5510.64276914056,E11,0.6,0,29.29928394,粮食,0.18,0.0,2023,0.0,0.0,0.0,0.0
259,39,香菇,普通大棚,第二季,4201.532326739348,19.0,16133.78861780155,5510.64276914056,E6,0.6,0,29.29928394,粮食,0.599999599456787,1.0,2023,2520.917713148351,0.599999599456787,9680.266708401401,0.0
260,39,香菇,普通大棚,第二季,4201.532326739348,19.0,16133.78861780155,5510.64276914056,E13,0.6,0,29.29928394,粮食,0.18,0.0,2023,0.0,0.0,0.0,0.0
261,39,香菇,普通大棚,第二季,4201.532326739348,19.0,16133.78861780155,5510.64276914056,E16,0.6,0,29.29928394,粮食,0.18,0.0,2023,0.0,0.0,0.0,0.0
262,39,香菇,普通大棚,第二季,4201.532326739348,19.0,16133.78861780155,5510.64276914056,E14,0.6,0,29.29928394,粮食,0.18,0.0,2023,0.0,0.0,0.0,0.0
263,39,香菇,普通大棚,第二季,4201.532326739348,19.0,16133.78861780155,5510.64276914056,E15,0.6,0,29.29928394,粮食,0.18,0.0,2023,0.0,0.0,0.0,0.0
264,32,空心菜,水浇地,第一季,10503.830816848369,4.5,40334.47154450387,2755.3213845702803,D7,22.0,0,27.603747,粮食,6.6,0.0,2023,0.0,0.0,0.0,0.0
265,32,空心菜,水浇地,第一季,10503.830816848369,4.5,40334.47154450387,2755.3213845702803,D1,15.0,0,27.603747,粮食,4.5,0.0,2023,0.0,0.0,0.0,0.0
266,32,空心菜,水浇地,第一季,10503.830816848369,4.5,40334.47154450387,2755.3213845702803,D2,10.0,0,27.603747,粮食,3.0,0.0,2023,0.0,0.0,0.0,0.0
267,32,空心菜,水浇地,第一季,10503.830816848369,4.5,40334.47154450387,2755.3213845702803,D3,14.0,0,27.603747,粮食,4.2,0.0,2023,0.0,0.0,0.0,0.0
268,32,空心菜,水浇地,第一季,10503.830816848369,4.5,40334.47154450387,2755.3213845702803,D4,6.0,0,27.603747,粮食,1.7999999999999998,0.0,2023,0.0,0.0,0.0,0.0
269,32,空心菜,水浇地,第一季,10503.830816848369,4.5,40334.47154450387,2755.3213845702803,D5,10.0,0,27.603747,粮食,3.0,0.0,2023,0.0,0.0,0.0,0.0
270,32,空心菜,水浇地,第一季,10503.830816848369,4.5,40334.47154450387,2755.3213845702803,D6,12.0,0,27.603747,粮食,3.6,0.0,2023,0.0,0.0,0.0,0.0
271,32,空心菜,水浇地,第一季,10503.830816848369,4.5,40334.47154450387,2755.3213845702803,D8,20.0,0,27.603747,粮食,6.0,0.0,2023,0.0,0.0,0.0,0.0
272,17,豇豆,普通大棚,第一季,3781.379094065413,8.0,19360.546341361856,27920.590030312174,E10,0.6,1,26.81686943,粮食,0.6,-0.0,2023,-0.0,-0.0,-0.0,1.0
273,17,豇豆,智慧大棚,第一季,3781.379094065413,8.0,19360.546341361856,27920.590030312174,F1,0.6,1,26.81686943,粮食,0.18,0.0,2023,0.0,0.0,0.0,0.0
274,17,豇豆,普通大棚,第一季,3781.379094065413,8.0,19360.546341361856,27920.590030312174,E15,0.6,1,26.81686943,粮食,0.5934503173828125,0.0,2023,0.0,0.0,0.0,0.0
275,17,豇豆,普通大棚,第一季,3781.379094065413,8.0,19360.546341361856,27920.590030312174,E14,0.6,1,26.81686943,粮食,0.2908831787109375,0.0,2023,0.0,0.0,0.0,0.0
276,17,豇豆,普通大棚,第一季,3781.379094065413,8.0,19360.546341361856,27920.590030312174,E13,0.6,1,26.81686943,粮食,0.32065795898437494,0.0,2023,0.0,0.0,0.0,0.0
277,17,豇豆,普通大棚,第一季,3781.379094065413,8.0,19360.546341361856,27920.590030312174,E12,0.6,1,26.81686943,粮食,0.21278686523437496,0.0,2023,0.0,0.0,0.0,0.0
278,17,豇豆,普通大棚,第一季,3781.379094065413,8.0,19360.546341361856,27920.590030312174,E11,0.6,1,26.81686943,粮食,0.3590848731994628,1.0,2023,1357.8360325115784,0.3590848731994628,6952.079328060246,1.0
279,17,豇豆,普通大棚,第一季,3781.379094065413,8.0,19360.546341361856,27920.590030312174,E16,0.6,1,26.81686943,粮食,0.5227752685546875,0.0,2023,0.0,0.0,0.0,0.0
280,17,豇豆,智慧大棚,第一季,3781.379094065413,8.0,19360.546341361856,27920.590030312174,F3,0.6,1,26.81686943,粮食,0.32597717285156247,1.0,2023,1232.6432665634459,0.32597717285156247,6311.096161218799,1.0
281,17,豇豆,智慧大棚,第一季,3781.379094065413,8.0,19360.546341361856,27920.590030312174,F2,0.6,1,26.81686943,粮食,0.2373577880859375,0.0,2023,0.0,0.0,0.0,0.0
282,17,豇豆,智慧大棚,第一季,3781.379094065413,8.0,19360.546341361856,27920.590030312174,F4,0.6,1,26.81686943,粮食,0.45317687988281247,0.0,2023,0.0,0.0,0.0,0.0
283,17,豇豆,普通大棚,第一季,3781.379094065413,8.0,19360.546341361856,27920.590030312174,E9,0.6,1,26.81686943,粮食,0.54708984375,0.0,2023,0.0,0.0,0.0,0.0
284,17,豇豆,普通大棚,第一季,3781.379094065413,8.0,19360.546341361856,27920.590030312174,E1,0.6,1,26.81686943,粮食,0.25746826171875,0.0,2023,0.0,0.0,0.0,0.0
285,17,豇豆,普通大棚,第一季,3781.379094065413,8.0,19360.546341361856,27920.590030312174,E2,0.6,1,26.81686943,粮食,0.59113037109375,0.0,2023,0.0,0.0,0.0,0.0
286,17,豇豆,普通大棚,第一季,3781.379094065413,8.0,19360.546341361856,27920.590030312174,E3,0.6,1,26.81686943,粮食,0.562291259765625,0.0,2023,0.0,0.0,0.0,0.0
287,17,豇豆,普通大棚,第一季,3781.379094065413,8.0,19360.546341361856,27920.590030312174,E4,0.6,1,26.81686943,粮食,0.26280029296875,0.0,2023,0.0,0.0,0.0,0.0
288,17,豇豆,普通大棚,第一季,3781.379094065413,8.0,19360.546341361856,27920.590030312174,E5,0.6,1,26.81686943,粮食,0.39797241210937495,0.0,2023,0.0,0.0,0.0,0.0
289,17,豇豆,普通大棚,第一季,3781.379094065413,8.0,19360.546341361856,27920.590030312174,E8,0.6,1,26.81686943,粮食,0.2764892578125,0.0,2023,0.0,0.0,0.0,0.0
290,17,豇豆,普通大棚,第一季,3781.379094065413,8.0,19360.546341361856,27920.590030312174,E6,0.6,1,26.81686943,粮食,0.5563824462890625,0.0,2023,0.0,0.0,0.0,0.0
291,17,豇豆,普通大棚,第一季,3781.379094065413,8.0,19360.546341361856,27920.590030312174,E7,0.6,1,26.81686943,粮食,0.3975494384765625,0.0,2023,0.0,0.0,0.0,0.0
292,17,豇豆,水浇地,第一季,3151.1492450545106,8.0,19360.546341361856,27920.590030312174,D7,22.0,1,25.41174781,粮食,10.265301513671876,0.0,2023,0.0,0.0,0.0,0.0
293,17,豇豆,水浇地,第一季,3151.1492450545106,8.0,19360.546341361856,27920.590030312174,D6,12.0,1,25.41174781,粮食,7.592366409301758,0.0,2023,0.0,0.0,0.0,0.0
294,17,豇豆,水浇地,第一季,3151.1492450545106,8.0,19360.546341361856,27920.590030312174,D5,10.0,1,25.41174781,粮食,7.269683837890626,1.0,2023,22907.858737554023,7.269683837890626,140745.0508305308,1.0
295,17,豇豆,水浇地,第一季,3151.1492450545106,8.0,19360.546341361856,27920.590030312174,D4,6.0,1,25.41174781,粮食,2.0130249023437496,0.0,2023,0.0,0.0,0.0,0.0
296,17,豇豆,水浇地,第一季,3151.1492450545106,8.0,19360.546341361856,27920.590030312174,D3,14.0,1,25.41174781,粮食,9.505541992187501,0.0,2023,0.0,0.0,0.0,0.0
297,17,豇豆,水浇地,第一季,3151.1492450545106,8.0,19360.546341361856,27920.590030312174,D8,20.0,1,25.41174781,粮食,7.24627685546875,0.0,2023,0.0,0.0,0.0,0.0
298,17,豇豆,水浇地,第一季,3151.1492450545106,8.0,19360.546341361856,27920.590030312174,D2,10.0,1,25.41174781,粮食,6.581817626953125,0.0,2023,0.0,0.0,0.0,0.0
299,17,豇豆,水浇地,第一季,3151.1492450545106,8.0,19360.546341361856,27920.590030312174,D1,15.0,1,25.41174781,粮食,6.319427490234375,0.0,2023,0.0,0.0,0.0,0.0
300,28,小青菜,普通大棚,第一季,4201.532326739348,5.75,16133.78861780155,26328.626563671565,E13,0.6,0,24.92722497,粮食,0.39853637695312494,0.0,2023,0.0,0.0,0.0,0.0
301,28,小青菜,普通大棚,第一季,4201.532326739348,5.75,16133.78861780155,26328.626563671565,E10,0.6,0,24.92722497,粮食,0.4412310791015625,0.0,2023,0.0,0.0,0.0,0.0
302,28,小青菜,智慧大棚,第一季,4201.532326739348,5.75,16133.78861780155,26328.626563671565,F2,0.6,0,24.92722497,粮食,0.5891436767578124,0.0,2023,0.0,0.0,0.0,0.0
303,28,小青菜,智慧大棚,第一季,4201.532326739348,5.75,16133.78861780155,26328.626563671565,F1,0.6,0,24.92722497,粮食,0.25972412109375,1.0,2023,1091.2392908093555,0.25972412109375,4190.334068670855,0.0
304,28,小青菜,普通大棚,第一季,4201.532326739348,5.75,16133.78861780155,26328.626563671565,E16,0.6,0,24.92722497,粮食,0.38806457519531246,1.0,2023,1630.4658575454778,0.38806457519531246,6260.951826258126,0.0
305,28,小青菜,普通大棚,第一季,4201.532326739348,5.75,16133.78861780155,26328.626563671565,E15,0.6,0,24.92722497,粮食,0.5637652587890625,0.0,2023,0.0,0.0,0.0,0.0
306,28,小青菜,普通大棚,第一季,4201.532326739348,5.75,16133.78861780155,26328.626563671565,E14,0.6,0,24.92722497,粮食,0.4214154052734375,0.0,2023,0.0,0.0,0.0,0.0
307,28,小青菜,普通大棚,第一季,4201.532326739348,5.75,16133.78861780155,26328.626563671565,E12,0.6,0,24.92722497,粮食,0.42327392578125,0.0,2023,0.0,0.0,0.0,0.0
308,28,小青菜,普通大棚,第一季,4201.532326739348,5.75,16133.78861780155,26328.626563671565,E11,0.6,0,24.92722497,粮食,0.5561389160156249,0.0,2023,0.0,0.0,0.0,0.0
309,28,小青菜,普通大棚,第一季,4201.532326739348,5.75,16133.78861780155,26328.626563671565,E1,0.6,0,24.92722497,粮食,0.4237225341796874,0.0,2023,0.0,0.0,0.0,0.0
310,28,小青菜,普通大棚,第一季,4201.532326739348,5.75,16133.78861780155,26328.626563671565,E9,0.6,0,24.92722497,粮食,0.2880120849609375,0.0,2023,0.0,0.0,0.0,0.0
311,28,小青菜,普通大棚,第一季,4201.532326739348,5.75,16133.78861780155,26328.626563671565,E2,0.6,0,24.92722497,粮食,0.4473193359375,0.0,2023,0.0,0.0,0.0,0.0
312,28,小青菜,普通大棚,第一季,4201.532326739348,5.75,16133.78861780155,26328.626563671565,E3,0.6,0,24.92722497,粮食,0.5829656982421875,0.0,2023,0.0,0.0,0.0,0.0
313,28,小青菜,普通大棚,第一季,4201.532326739348,5.75,16133.78861780155,26328.626563671565,E4,0.6,0,24.92722497,粮食,0.194765625,0.0,2023,0.0,0.0,0.0,0.0
314,28,小青菜,普通大棚,第一季,4201.532326739348,5.75,16133.78861780155,26328.626563671565,E5,0.6,0,24.92722497,粮食,0.5548187255859375,0.0,2023,0.0,0.0,0.0,0.0
315,28,小青菜,普通大棚,第一季,4201.532326739348,5.75,16133.78861780155,26328.626563671565,E6,0.6,0,24.92722497,粮食,0.5633294677734375,0.0,2023,0.0,0.0,0.0,0.0
316,28,小青菜,普通大棚,第一季,4201.532326739348,5.75,16133.78861780155,26328.626563671565,E7,0.6,0,24.92722497,粮食,0.19685485839843747,0.0,2023,0.0,0.0,0.0,0.0
317,28,小青菜,智慧大棚,第一季,4201.532326739348,5.75,16133.78861780155,26328.626563671565,F3,0.6,0,24.92722497,粮食,0.47403076171875,0.0,2023,0.0,0.0,0.0,0.0
318,28,小青菜,普通大棚,第一季,4201.532326739348,5.75,16133.78861780155,26328.626563671565,E8,0.6,0,24.92722497,粮食,0.29449768066406246,0.0,2023,0.0,0.0,0.0,0.0
319,28,小青菜,智慧大棚,第一季,4201.532326739348,5.75,16133.78861780155,26328.626563671565,F4,0.6,0,24.92722497,粮食,0.33127035140991207,0.0,2023,0.0,0.0,0.0,0.0
320,21,西红柿,普通大棚,第一季,3151.1492450545106,6.25,19360.546341361856,27093.99361494109,E6,0.6,0,23.34819843,粮食,0.5137902832031249,0.0,2023,0.0,0.0,0.0,0.0
321,21,西红柿,普通大棚,第一季,3151.1492450545106,6.25,19360.546341361856,27093.99361494109,E13,0.6,0,23.34819843,粮食,0.41566040039062496,1.0,2023,1309.8079568899734,0.41566040039062496,8047.412444031718,0.0
322,21,西红柿,智慧大棚,第一季,3151.1492450545106,6.25,19360.546341361856,27093.99361494109,F4,0.6,0,23.34819843,粮食,0.20813415527343748,0.0,2023,0.0,0.0,0.0,0.0
323,21,西红柿,智慧大棚,第一季,3151.1492450545106,6.25,19360.546341361856,27093.99361494109,F3,0.6,0,23.34819843,粮食,0.42737548828125,0.0,2023,0.0,0.0,0.0,0.0
324,21,西红柿,智慧大棚,第一季,3151.1492450545106,6.25,19360.546341361856,27093.99361494109,F2,0.6,0,23.34819843,粮食,0.19682922363281247,0.0,2023,0.0,0.0,0.0,0.0
325,21,西红柿,智慧大棚,第一季,3151.1492450545106,6.25,19360.546341361856,27093.99361494109,F1,0.6,0,23.34819843,粮食,0.48529724121093754,0.0,2023,0.0,0.0,0.0,0.0
326,21,西红柿,普通大棚,第一季,3151.1492450545106,6.25,19360.546341361856,27093.99361494109,E5,0.6,0,23.34819843,粮食,0.5043054199218752,0.0,2023,0.0,0.0,0.0,0.0
327,21,西红柿,普通大棚,第一季,3151.1492450545106,6.25,19360.546341361856,27093.99361494109,E15,0.6,0,23.34819843,粮食,0.23920349121093748,0.0,2023,0.0,0.0,0.0,0.0
328,21,西红柿,普通大棚,第一季,3151.1492450545106,6.25,19360.546341361856,27093.99361494109,E14,0.6,0,23.34819843,粮食,0.4132891845703125,0.0,2023,0.0,0.0,0.0,0.0
329,21,西红柿,普通大棚,第一季,3151.1492450545106,6.25,19360.546341361856,27093.99361494109,E16,0.6,0,23.34819843,粮食,0.24174293518066403,-0.0,2023,-0.0,-0.0,-0.0,-0.0
330,21,西红柿,普通大棚,第一季,3151.1492450545106,6.25,19360.546341361856,27093.99361494109,E12,0.6,0,23.34819843,粮食,0.258929443359375,0.0,2023,0.0,0.0,0.0,0.0
331,21,西红柿,普通大棚,第一季,3151.1492450545106,6.25,19360.546341361856,27093.99361494109,E11,0.6,0,23.34819843,粮食,0.25880126953125,0.0,2023,0.0,0.0,0.0,0.0
332,21,西红柿,普通大棚,第一季,3151.1492450545106,6.25,19360.546341361856,27093.99361494109,E4,0.6,0,23.34819843,粮食,0.49242370605468744,0.0,2023,0.0,0.0,0.0,0.0
333,21,西红柿,普通大棚,第一季,3151.1492450545106,6.25,19360.546341361856,27093.99361494109,E3,0.6,0,23.34819843,粮食,0.23624267578125,0.0,2023,0.0,0.0,0.0,0.0
334,21,西红柿,普通大棚,第一季,3151.1492450545106,6.25,19360.546341361856,27093.99361494109,E7,0.6,0,23.34819843,粮食,0.3687872314453125,-0.0,2023,-0.0,-0.0,-0.0,-0.0
335,21,西红柿,普通大棚,第一季,3151.1492450545106,6.25,19360.546341361856,27093.99361494109,E1,0.6,0,23.34819843,粮食,0.4143402099609375,-0.0,2023,-0.0,-0.0,-0.0,-0.0
336,21,西红柿,普通大棚,第一季,3151.1492450545106,6.25,19360.546341361856,27093.99361494109,E8,0.6,0,23.34819843,粮食,0.4000616455078125,0.0,2023,0.0,0.0,0.0,0.0
337,21,西红柿,普通大棚,第一季,3151.1492450545106,6.25,19360.546341361856,27093.99361494109,E2,0.6,0,23.34819843,粮食,0.5504992675781251,0.0,2023,0.0,0.0,0.0,0.0
338,21,西红柿,普通大棚,第一季,3151.1492450545106,6.25,19360.546341361856,27093.99361494109,E9,0.6,0,23.34819843,粮食,0.2421258544921875,0.0,2023,0.0,0.0,0.0,0.0
339,21,西红柿,普通大棚,第一季,3151.1492450545106,6.25,19360.546341361856,27093.99361494109,E10,0.6,0,23.34819843,粮食,0.39125610351562495,0.0,2023,0.0,0.0,0.0,0.0
340,28,小青菜,水浇地,第一季,3361.2258613914782,5.75,16133.78861780155,26328.626563671565,D7,22.0,0,23.05372948,粮食,21.393267822265624,0.0,2023,0.0,0.0,0.0,0.0
341,28,小青菜,水浇地,第一季,3361.2258613914782,5.75,16133.78861780155,26328.626563671565,D6,12.0,0,23.05372948,粮食,8.4649658203125,0.0,2023,0.0,0.0,0.0,0.0
342,28,小青菜,水浇地,第一季,3361.2258613914782,5.75,16133.78861780155,26328.626563671565,D5,10.0,0,23.05372948,粮食,7.0257530212402335,0.0,2023,0.0,0.0,0.0,0.0
343,28,小青菜,水浇地,第一季,3361.2258613914782,5.75,16133.78861780155,26328.626563671565,D4,6.0,0,23.05372948,粮食,2.2301513671875,0.0,2023,0.0,0.0,0.0,0.0
344,28,小青菜,水浇地,第一季,3361.2258613914782,5.75,16133.78861780155,26328.626563671565,D3,14.0,0,23.05372948,粮食,7.83492431640625,0.0,2023,0.0,0.0,0.0,0.0
345,28,小青菜,水浇地,第一季,3361.2258613914782,5.75,16133.78861780155,26328.626563671565,D2,10.0,0,23.05372948,粮食,5.282562255859375,1.0,2023,17755.88486880504,5.282562255859375,85227.74279641207,0.0
346,28,小青菜,水浇地,第一季,3361.2258613914782,5.75,16133.78861780155,26328.626563671565,D1,15.0,0,23.05372948,粮食,10.636962890625,0.0,2023,0.0,0.0,0.0,0.0
347,28,小青菜,水浇地,第一季,3361.2258613914782,5.75,16133.78861780155,26328.626563671565,D8,20.0,0,23.05372948,粮食,16.08514404296875,0.0,2023,0.0,0.0,0.0,0.0
348,22,茄子,智慧大棚,第二季,7562.758188130826,6.6,21296.600975498044,1653.192830742168,F1,0.6,0,22.92784133,粮食,0.2771429443359375,1.0,2023,2095.965071559297,0.2771429443359375,5902.202698697127,0.0
349,22,茄子,智慧大棚,第二季,7562.758188130826,6.6,21296.600975498044,1653.192830742168,F2,0.6,0,22.92784133,粮食,0.3845654296875,1.0,2023,2908.3753522411903,0.3845654296875,8189.936505025637,0.0
350,22,茄子,智慧大棚,第二季,7562.758188130826,6.6,21296.600975498044,1653.192830742168,F4,0.6,0,22.92784133,粮食,0.27275939941406246,0.0,2023,0.0,0.0,0.0,0.0
351,22,茄子,智慧大棚,第二季,7562.758188130826,6.6,21296.600975498044,1653.192830742168,F3,0.6,0,22.92784133,粮食,0.35479064941406246,0.0,2023,0.0,0.0,0.0,0.0
352,21,西红柿,水浇地,第一季,2520.919396043609,6.25,19360.546341361856,27093.99361494109,D1,15.0,0,21.94307681,粮食,7.795979976654051,0.0,2023,0.0,0.0,0.0,0.0
353,21,西红柿,水浇地,第一季,2520.919396043609,6.25,19360.546341361856,27093.99361494109,D2,10.0,0,21.94307681,粮食,7.4597015380859375,0.0,2023,0.0,0.0,0.0,0.0
354,21,西红柿,水浇地,第一季,2520.919396043609,6.25,19360.546341361856,27093.99361494109,D4,6.0,0,21.94307681,粮食,3.6741577148437496,0.0,2023,0.0,0.0,0.0,0.0
355,21,西红柿,水浇地,第一季,2520.919396043609,6.25,19360.546341361856,27093.99361494109,D5,10.0,0,21.94307681,粮食,8.0150146484375,0.0,2023,0.0,0.0,0.0,0.0
356,21,西红柿,水浇地,第一季,2520.919396043609,6.25,19360.546341361856,27093.99361494109,D6,12.0,0,21.94307681,粮食,8.87435302734375,0.0,2023,0.0,0.0,0.0,0.0
357,21,西红柿,水浇地,第一季,2520.919396043609,6.25,19360.546341361856,27093.99361494109,D7,22.0,0,21.94307681,粮食,18.24305419921875,0.0,2023,0.0,0.0,0.0,0.0
358,21,西红柿,水浇地,第一季,2520.919396043609,6.25,19360.546341361856,27093.99361494109,D8,20.0,0,21.94307681,粮食,8.76513671875,0.0,2023,0.0,0.0,0.0,0.0
359,21,西红柿,水浇地,第一季,2520.919396043609,6.25,19360.546341361856,27093.99361494109,D3,14.0,0,21.94307681,粮食,8.166819763183593,1.0,2023,20587.894345001794,8.166819763183593,158114.09248666582,0.0
360,1,黄豆,平旱地,第一季,420.1532326739348,3.25,3226.7577235603103,43625.921922362766,A2,55.0,1,21.41400547,粮食,41.91954040527344,0.0,2023,0.0,0.0,0.0,0.0
361,1,黄豆,平旱地,第一季,420.1532326739348,3.25,3226.7577235603103,43625.921922362766,A1,80.0,1,21.41400547,粮食,71.345703125,0.0,2023,0.0,0.0,0.0,0.0
362,1,黄豆,平旱地,第一季,420.1532326739348,3.25,3226.7577235603103,43625.921922362766,A3,35.0,1,21.41400547,粮食,15.018234252929688,0.0,2023,0.0,0.0,0.0,0.0
363,1,黄豆,平旱地,第一季,420.1532326739348,3.25,3226.7577235603103,43625.921922362766,A4,72.0,1,21.41400547,粮食,46.05556640625,1.0,2023,19350.395108215012,46.05556640625,148610.15461431196,1.0
364,1,黄豆,平旱地,第一季,420.1532326739348,3.25,3226.7577235603103,43625.921922362766,A5,68.0,1,21.41400547,粮食,26.367431640625,0.0,2023,0.0,0.0,0.0,0.0
365,1,黄豆,平旱地,第一季,420.1532326739348,3.25,3226.7577235603103,43625.921922362766,A6,55.0,1,21.41400547,粮食,39.226608276367195,0.0,2023,0.0,0.0,0.0,0.0
366,1,黄豆,梯田,第一季,399.14557104023794,3.25,3226.7577235603103,43625.921922362766,B9,50.0,1,21.36716808,粮食,32.501068115234375,0.0,2023,0.0,0.0,0.0,0.0
367,1,黄豆,梯田,第一季,399.14557104023794,3.25,3226.7577235603103,43625.921922362766,B7,55.0,1,21.36716808,粮食,54.07298278808594,0.0,2023,0.0,0.0,0.0,0.0
368,1,黄豆,梯田,第一季,399.14557104023794,3.25,3226.7577235603103,43625.921922362766,B14,20.0,1,21.36716808,粮食,7.07623291015625,0.0,2023,0.0,0.0,0.0,0.0
369,1,黄豆,梯田,第一季,399.14557104023794,3.25,3226.7577235603103,43625.921922362766,B13,35.0,1,21.36716808,粮食,16.77154541015625,0.0,2023,0.0,0.0,0.0,0.0
370,1,黄豆,梯田,第一季,399.14557104023794,3.25,3226.7577235603103,43625.921922362766,B12,45.0,1,21.36716808,粮食,31.429275512695312,0.0,2023,0.0,0.0,0.0,0.0
371,1,黄豆,梯田,第一季,399.14557104023794,3.25,3226.7577235603103,43625.921922362766,B11,60.0,1,21.36716808,粮食,45.45739746093751,1.0,2023,18144.118867548965,45.45739746093751,146680.00835003093,1.0
372,1,黄豆,梯田,第一季,399.14557104023794,3.25,3226.7577235603103,43625.921922362766,B10,25.0,1,21.36716808,粮食,21.83837890625,0.0,2023,0.0,0.0,0.0,0.0
373,1,黄豆,梯田,第一季,399.14557104023794,3.25,3226.7577235603103,43625.921922362766,B8,44.0,1,21.36716808,粮食,27.26810302734375,0.0,2023,0.0,0.0,0.0,0.0
374,1,黄豆,梯田,第一季,399.14557104023794,3.25,3226.7577235603103,43625.921922362766,B5,25.0,1,21.36716808,粮食,15.651838779449461,0.0,2023,0.0,0.0,0.0,0.0
375,1,黄豆,梯田,第一季,399.14557104023794,3.25,3226.7577235603103,43625.921922362766,B6,86.0,1,21.36716808,粮食,34.991302490234375,0.0,2023,0.0,0.0,0.0,0.0
376,1,黄豆,梯田,第一季,399.14557104023794,3.25,3226.7577235603103,43625.921922362766,B4,28.0,1,21.36716808,粮食,8.709240722656249,0.0,2023,0.0,0.0,0.0,0.0
377,1,黄豆,梯田,第一季,399.14557104023794,3.25,3226.7577235603103,43625.921922362766,B3,40.0,1,21.36716808,粮食,38.8173828125,0.0,2023,0.0,0.0,0.0,0.0
378,1,黄豆,梯田,第一季,399.14557104023794,3.25,3226.7577235603103,43625.921922362766,B2,46.0,1,21.36716808,粮食,18.02055053710937,0.0,2023,0.0,0.0,0.0,0.0
379,1,黄豆,梯田,第一季,399.14557104023794,3.25,3226.7577235603103,43625.921922362766,B1,60.0,1,21.36716808,粮食,32.00555419921875,0.0,2023,0.0,0.0,0.0,0.0
380,1,黄豆,山坡地,第一季,378.13790940654127,3.25,3226.7577235603103,43625.921922362766,C6,20.0,1,21.32033069,粮食,18.583679199218754,0.0,2023,0.0,0.0,0.0,0.0
381,1,黄豆,山坡地,第一季,378.13790940654127,3.25,3226.7577235603103,43625.921922362766,C4,18.0,1,21.32033069,粮食,7.507177734375,0.0,2023,0.0,0.0,0.0,0.0
382,1,黄豆,山坡地,第一季,378.13790940654127,3.25,3226.7577235603103,43625.921922362766,C5,27.0,1,21.32033069,粮食,17.9791259765625,0.0,2023,0.0,0.0,0.0,0.0
383,1,黄豆,山坡地,第一季,378.13790940654127,3.25,3226.7577235603103,43625.921922362766,C3,15.0,1,21.32033069,粮食,7.77227783203125,1.0,2023,2938.992890731102,7.77227783203125,25079.25752416342,1.0
384,1,黄豆,山坡地,第一季,378.13790940654127,3.25,3226.7577235603103,43625.921922362766,C2,13.0,1,21.32033069,粮食,11.784741210937497,0.0,2023,0.0,0.0,0.0,0.0
385,1,黄豆,山坡地,第一季,378.13790940654127,3.25,3226.7577235603103,43625.921922362766,C1,15.0,1,21.32033069,粮食,9.47314453125,0.0,2023,0.0,0.0,0.0,0.0
386,37,红萝卜,水浇地,第二季,3151.1492450545106,3.25,4033.4471544503876,27553.213845702805,D1,15.0,0,20.8119988,粮食,6.888519287109375,0.0,2023,0.0,0.0,0.0,0.0
387,37,红萝卜,水浇地,第二季,3151.1492450545106,3.25,4033.4471544503876,27553.213845702805,D4,6.0,0,20.8119988,粮食,4.19197998046875,0.0,2023,0.0,0.0,0.0,0.0
388,37,红萝卜,水浇地,第二季,3151.1492450545106,3.25,4033.4471544503876,27553.213845702805,D2,10.0,0,20.8119988,粮食,4.707275390625,0.0,2023,0.0,0.0,0.0,0.0
389,37,红萝卜,水浇地,第二季,3151.1492450545106,3.25,4033.4471544503876,27553.213845702805,D3,14.0,0,20.8119988,粮食,5.037103271484376,0.0,2023,0.0,0.0,0.0,0.0
390,37,红萝卜,水浇地,第二季,3151.1492450545106,3.25,4033.4471544503876,27553.213845702805,D5,10.0,0,20.8119988,粮食,3.0,0.0,2023,0.0,0.0,0.0,0.0
391,37,红萝卜,水浇地,第二季,3151.1492450545106,3.25,4033.4471544503876,27553.213845702805,D6,12.0,0,20.8119988,粮食,12.0,1.0,2023,37813.79094065413,12.0,48401.365853404655,0.0
392,37,红萝卜,水浇地,第二季,3151.1492450545106,3.25,4033.4471544503876,27553.213845702805,D7,22.0,0,20.8119988,粮食,6.6,0.0,2023,0.0,0.0,0.0,0.0
393,37,红萝卜,水浇地,第二季,3151.1492450545106,3.25,4033.4471544503876,27553.213845702805,D8,20.0,0,20.8119988,粮食,6.0,0.0,2023,0.0,0.0,0.0,0.0
394,18,刀豆,普通大棚,第一季,2520.919396043609,6.75,9680.273170680928,20573.06633812476,E7,0.6,1,19.86464078,粮食,0.18,0.0,2023,0.0,0.0,0.0,0.0
395,18,刀豆,智慧大棚,第一季,2520.919396043609,6.75,9680.273170680928,20573.06633812476,F3,0.6,1,19.86464078,粮食,0.18,-0.0,2023,-0.0,-0.0,-0.0,-0.0
