,作物编号,作物名称,地块类型,种植季次,亩产量/斤,销售单价平均值/(元/斤),种植成本/(元/亩),预期销售量/斤,地块名称,地块面积/亩,豆类,种植规模,是否种,年份,yield,area,cost,是否种豆
0,1,黄豆,平旱地,第一季,400.0,3.25,400.0,57000.0,A1,80.0,1,24.0,0.0,2023,0.0,0.0,0.0,0.0
1,1,黄豆,平旱地,第一季,400.0,3.25,400.0,57000.0,A2,55.0,1,16.5,0.0,2023,0.0,0.0,0.0,0.0
2,1,黄豆,平旱地,第一季,400.0,3.25,400.0,57000.0,A3,35.0,1,10.5,0.0,2023,0.0,0.0,0.0,0.0
3,1,黄豆,平旱地,第一季,400.0,3.25,400.0,57000.0,A4,72.0,1,72.0,1.0,2023,28800.0,72.0,28800.0,1.0
4,1,黄豆,平旱地,第一季,400.0,3.25,400.0,57000.0,A5,68.0,1,20.4,0.0,2023,0.0,0.0,0.0,0.0
5,1,黄豆,平旱地,第一季,400.0,3.25,400.0,57000.0,A6,55.0,1,16.5,0.0,2023,0.0,0.0,0.0,0.0
6,1,黄豆,梯田,第一季,380.0,3.25,400.0,57000.0,B1,60.0,1,18.0,0.0,2023,0.0,0.0,0.0,0.0
7,1,黄豆,梯田,第一季,380.0,3.25,400.0,57000.0,B2,46.0,1,13.799999999999997,0.0,2023,0.0,0.0,0.0,0.0
8,1,黄豆,梯田,第一季,380.0,3.25,400.0,57000.0,B3,40.0,1,12.0,0.0,2023,0.0,0.0,0.0,0.0
9,1,黄豆,梯田,第一季,380.0,3.25,400.0,57000.0,B4,28.0,1,8.4,0.0,2023,0.0,0.0,0.0,0.0
10,1,黄豆,梯田,第一季,380.0,3.25,400.0,57000.0,B5,25.0,1,7.5,0.0,2023,0.0,0.0,0.0,0.0
11,1,黄豆,梯田,第一季,380.0,3.25,400.0,57000.0,B6,86.0,1,25.8,0.0,2023,0.0,0.0,0.0,0.0
12,1,黄豆,梯田,第一季,380.0,3.25,400.0,57000.0,B7,55.0,1,16.5,0.0,2023,0.0,0.0,0.0,0.0
13,1,黄豆,梯田,第一季,380.0,3.25,400.0,57000.0,B8,44.0,1,13.2,0.0,2023,0.0,0.0,0.0,0.0
14,1,黄豆,梯田,第一季,380.0,3.25,400.0,57000.0,B9,50.0,1,15.0,0.0,2023,0.0,0.0,0.0,0.0
15,1,黄豆,梯田,第一季,380.0,3.25,400.0,57000.0,B10,25.0,1,7.5,0.0,2023,0.0,0.0,0.0,0.0
16,1,黄豆,梯田,第一季,380.0,3.25,400.0,57000.0,B11,60.0,1,60.0,1.0,2023,22800.0,60.0,24000.0,1.0
17,1,黄豆,梯田,第一季,380.0,3.25,400.0,57000.0,B12,45.0,1,13.5,0.0,2023,0.0,0.0,0.0,0.0
18,1,黄豆,梯田,第一季,380.0,3.25,400.0,57000.0,B13,35.0,1,10.5,0.0,2023,0.0,0.0,0.0,0.0
19,1,黄豆,梯田,第一季,380.0,3.25,400.0,57000.0,B14,20.0,1,6.0,0.0,2023,0.0,0.0,0.0,0.0
20,1,黄豆,山坡地,第一季,360.0,3.25,400.0,57000.0,C1,15.0,1,4.5,0.0,2023,0.0,0.0,0.0,0.0
21,1,黄豆,山坡地,第一季,360.0,3.25,400.0,57000.0,C2,13.0,1,3.9,0.0,2023,0.0,0.0,0.0,0.0
22,1,黄豆,山坡地,第一季,360.0,3.25,400.0,57000.0,C3,15.0,1,15.0,1.0,2023,5400.0,15.0,6000.0,1.0
23,1,黄豆,山坡地,第一季,360.0,3.25,400.0,57000.0,C4,18.0,1,5.4,0.0,2023,0.0,0.0,0.0,0.0
24,1,黄豆,山坡地,第一季,360.0,3.25,400.0,57000.0,C5,27.0,1,8.099999999999998,0.0,2023,0.0,0.0,0.0,0.0
25,1,黄豆,山坡地,第一季,360.0,3.25,400.0,57000.0,C6,20.0,1,6.0,0.0,2023,0.0,0.0,0.0,0.0
26,2,黑豆,平旱地,第一季,500.0,7.5,400.0,21850.0,A1,80.0,1,24.0,0.0,2023,0.0,0.0,0.0,0.0
27,2,黑豆,平旱地,第一季,500.0,7.5,400.0,21850.0,A2,55.0,1,16.5,0.0,2023,0.0,0.0,0.0,0.0
28,2,黑豆,平旱地,第一季,500.0,7.5,400.0,21850.0,A3,35.0,1,10.5,0.0,2023,0.0,0.0,0.0,0.0
29,2,黑豆,平旱地,第一季,500.0,7.5,400.0,21850.0,A4,72.0,1,21.6,0.0,2023,0.0,0.0,0.0,0.0
30,2,黑豆,平旱地,第一季,500.0,7.5,400.0,21850.0,A5,68.0,1,20.4,0.0,2023,0.0,0.0,0.0,0.0
31,2,黑豆,平旱地,第一季,500.0,7.5,400.0,21850.0,A6,55.0,1,16.5,0.0,2023,0.0,0.0,0.0,0.0
32,2,黑豆,梯田,第一季,475.0,7.5,400.0,21850.0,B1,60.0,1,18.0,0.0,2023,0.0,0.0,0.0,0.0
33,2,黑豆,梯田,第一季,475.0,7.5,400.0,21850.0,B2,46.0,1,46.0,1.0,2023,21850.0,46.0,18400.0,1.0
34,2,黑豆,梯田,第一季,475.0,7.5,400.0,21850.0,B3,40.0,1,12.0,0.0,2023,0.0,0.0,0.0,0.0
35,2,黑豆,梯田,第一季,475.0,7.5,400.0,21850.0,B4,28.0,1,8.4,0.0,2023,0.0,0.0,0.0,0.0
36,2,黑豆,梯田,第一季,475.0,7.5,400.0,21850.0,B5,25.0,1,7.5,0.0,2023,0.0,0.0,0.0,0.0
37,2,黑豆,梯田,第一季,475.0,7.5,400.0,21850.0,B6,86.0,1,25.8,0.0,2023,0.0,0.0,0.0,0.0
38,2,黑豆,梯田,第一季,475.0,7.5,400.0,21850.0,B7,55.0,1,16.5,0.0,2023,0.0,0.0,0.0,0.0
39,2,黑豆,梯田,第一季,475.0,7.5,400.0,21850.0,B8,44.0,1,13.2,0.0,2023,0.0,0.0,0.0,0.0
40,2,黑豆,梯田,第一季,475.0,7.5,400.0,21850.0,B9,50.0,1,15.0,0.0,2023,0.0,0.0,0.0,0.0
41,2,黑豆,梯田,第一季,475.0,7.5,400.0,21850.0,B10,25.0,1,7.5,0.0,2023,0.0,0.0,0.0,0.0
42,2,黑豆,梯田,第一季,475.0,7.5,400.0,21850.0,B11,60.0,1,18.0,0.0,2023,0.0,0.0,0.0,0.0
43,2,黑豆,梯田,第一季,475.0,7.5,400.0,21850.0,B12,45.0,1,13.5,0.0,2023,0.0,0.0,0.0,0.0
44,2,黑豆,梯田,第一季,475.0,7.5,400.0,21850.0,B13,35.0,1,10.5,0.0,2023,0.0,0.0,0.0,0.0
45,2,黑豆,梯田,第一季,475.0,7.5,400.0,21850.0,B14,20.0,1,6.0,0.0,2023,0.0,0.0,0.0,0.0
46,2,黑豆,山坡地,第一季,450.0,7.5,400.0,21850.0,C1,15.0,1,4.5,0.0,2023,0.0,0.0,0.0,0.0
47,2,黑豆,山坡地,第一季,450.0,7.5,400.0,21850.0,C2,13.0,1,3.9,0.0,2023,0.0,0.0,0.0,0.0
48,2,黑豆,山坡地,第一季,450.0,7.5,400.0,21850.0,C3,15.0,1,4.5,0.0,2023,0.0,0.0,0.0,0.0
49,2,黑豆,山坡地,第一季,450.0,7.5,400.0,21850.0,C4,18.0,1,5.4,0.0,2023,0.0,0.0,0.0,0.0
50,2,黑豆,山坡地,第一季,450.0,7.5,400.0,21850.0,C5,27.0,1,8.099999999999998,0.0,2023,0.0,0.0,0.0,0.0
51,2,黑豆,山坡地,第一季,450.0,7.5,400.0,21850.0,C6,20.0,1,6.0,0.0,2023,0.0,0.0,0.0,0.0
52,3,红豆,平旱地,第一季,400.0,8.25,350.0,22400.0,A1,80.0,1,24.0,0.0,2023,0.0,0.0,0.0,0.0
53,3,红豆,平旱地,第一季,400.0,8.25,350.0,22400.0,A2,55.0,1,16.5,0.0,2023,0.0,0.0,0.0,0.0
54,3,红豆,平旱地,第一季,400.0,8.25,350.0,22400.0,A3,35.0,1,10.5,0.0,2023,0.0,0.0,0.0,0.0
55,3,红豆,平旱地,第一季,400.0,8.25,350.0,22400.0,A4,72.0,1,21.6,0.0,2023,0.0,0.0,0.0,0.0
56,3,红豆,平旱地,第一季,400.0,8.25,350.0,22400.0,A5,68.0,1,20.4,0.0,2023,0.0,0.0,0.0,0.0
57,3,红豆,平旱地,第一季,400.0,8.25,350.0,22400.0,A6,55.0,1,16.5,0.0,2023,0.0,0.0,0.0,0.0
58,3,红豆,梯田,第一季,380.0,8.25,350.0,22400.0,B1,60.0,1,18.0,0.0,2023,0.0,0.0,0.0,0.0
59,3,红豆,梯田,第一季,380.0,8.25,350.0,22400.0,B2,46.0,1,13.799999999999997,0.0,2023,0.0,0.0,0.0,0.0
60,3,红豆,梯田,第一季,380.0,8.25,350.0,22400.0,B3,40.0,1,40.0,1.0,2023,15200.0,40.0,14000.0,1.0
61,3,红豆,梯田,第一季,380.0,8.25,350.0,22400.0,B4,28.0,1,8.4,0.0,2023,0.0,0.0,0.0,0.0
62,3,红豆,梯田,第一季,380.0,8.25,350.0,22400.0,B5,25.0,1,7.5,0.0,2023,0.0,0.0,0.0,0.0
63,3,红豆,梯田,第一季,380.0,8.25,350.0,22400.0,B6,86.0,1,25.8,0.0,2023,0.0,0.0,0.0,0.0
64,3,红豆,梯田,第一季,380.0,8.25,350.0,22400.0,B7,55.0,1,16.5,0.0,2023,0.0,0.0,0.0,0.0
65,3,红豆,梯田,第一季,380.0,8.25,350.0,22400.0,B8,44.0,1,13.2,0.0,2023,0.0,0.0,0.0,0.0
66,3,红豆,梯田,第一季,380.0,8.25,350.0,22400.0,B9,50.0,1,15.0,0.0,2023,0.0,0.0,0.0,0.0
67,3,红豆,梯田,第一季,380.0,8.25,350.0,22400.0,B10,25.0,1,7.5,0.0,2023,0.0,0.0,0.0,0.0
68,3,红豆,梯田,第一季,380.0,8.25,350.0,22400.0,B11,60.0,1,18.0,0.0,2023,0.0,0.0,0.0,0.0
69,3,红豆,梯田,第一季,380.0,8.25,350.0,22400.0,B12,45.0,1,13.5,0.0,2023,0.0,0.0,0.0,0.0
70,3,红豆,梯田,第一季,380.0,8.25,350.0,22400.0,B13,35.0,1,10.5,0.0,2023,0.0,0.0,0.0,0.0
71,3,红豆,梯田,第一季,380.0,8.25,350.0,22400.0,B14,20.0,1,6.0,0.0,2023,0.0,0.0,0.0,0.0
72,3,红豆,山坡地,第一季,360.0,8.25,350.0,22400.0,C1,15.0,1,4.5,0.0,2023,0.0,0.0,0.0,0.0
73,3,红豆,山坡地,第一季,360.0,8.25,350.0,22400.0,C2,13.0,1,3.9,0.0,2023,0.0,0.0,0.0,0.0
74,3,红豆,山坡地,第一季,360.0,8.25,350.0,22400.0,C3,15.0,1,4.5,0.0,2023,0.0,0.0,0.0,0.0
75,3,红豆,山坡地,第一季,360.0,8.25,350.0,22400.0,C4,18.0,1,5.4,0.0,2023,0.0,0.0,0.0,0.0
76,3,红豆,山坡地,第一季,360.0,8.25,350.0,22400.0,C5,27.0,1,8.099999999999998,0.0,2023,0.0,0.0,0.0,0.0
77,3,红豆,山坡地,第一季,360.0,8.25,350.0,22400.0,C6,20.0,1,20.0,1.0,2023,7200.0,20.0,7000.0,1.0
78,4,绿豆,平旱地,第一季,350.0,7.0,350.0,33040.0,A1,80.0,1,24.0,0.0,2023,0.0,0.0,0.0,0.0
79,4,绿豆,平旱地,第一季,350.0,7.0,350.0,33040.0,A2,55.0,1,16.5,0.0,2023,0.0,0.0,0.0,0.0
80,4,绿豆,平旱地,第一季,350.0,7.0,350.0,33040.0,A3,35.0,1,10.5,0.0,2023,0.0,0.0,0.0,0.0
81,4,绿豆,平旱地,第一季,350.0,7.0,350.0,33040.0,A4,72.0,1,21.6,0.0,2023,0.0,0.0,0.0,0.0
82,4,绿豆,平旱地,第一季,350.0,7.0,350.0,33040.0,A5,68.0,1,68.0,1.0,2023,23800.0,68.0,23800.0,1.0
83,4,绿豆,平旱地,第一季,350.0,7.0,350.0,33040.0,A6,55.0,1,16.5,0.0,2023,0.0,0.0,0.0,0.0
84,4,绿豆,梯田,第一季,330.0,7.0,350.0,33040.0,B1,60.0,1,18.0,0.0,2023,0.0,0.0,0.0,0.0
85,4,绿豆,梯田,第一季,330.0,7.0,350.0,33040.0,B2,46.0,1,13.799999999999997,0.0,2023,0.0,0.0,0.0,0.0
86,4,绿豆,梯田,第一季,330.0,7.0,350.0,33040.0,B3,40.0,1,12.0,0.0,2023,0.0,0.0,0.0,0.0
87,4,绿豆,梯田,第一季,330.0,7.0,350.0,33040.0,B4,28.0,1,28.0,1.0,2023,9240.0,28.0,9800.0,1.0
88,4,绿豆,梯田,第一季,330.0,7.0,350.0,33040.0,B5,25.0,1,7.5,0.0,2023,0.0,0.0,0.0,0.0
89,4,绿豆,梯田,第一季,330.0,7.0,350.0,33040.0,B6,86.0,1,25.8,0.0,2023,0.0,0.0,0.0,0.0
90,4,绿豆,梯田,第一季,330.0,7.0,350.0,33040.0,B7,55.0,1,16.5,0.0,2023,0.0,0.0,0.0,0.0
91,4,绿豆,梯田,第一季,330.0,7.0,350.0,33040.0,B8,44.0,1,13.2,0.0,2023,0.0,0.0,0.0,0.0
92,4,绿豆,梯田,第一季,330.0,7.0,350.0,33040.0,B9,50.0,1,15.0,0.0,2023,0.0,0.0,0.0,0.0
93,4,绿豆,梯田,第一季,330.0,7.0,350.0,33040.0,B10,25.0,1,7.5,0.0,2023,0.0,0.0,0.0,0.0
94,4,绿豆,梯田,第一季,330.0,7.0,350.0,33040.0,B11,60.0,1,18.0,0.0,2023,0.0,0.0,0.0,0.0
95,4,绿豆,梯田,第一季,330.0,7.0,350.0,33040.0,B12,45.0,1,13.5,0.0,2023,0.0,0.0,0.0,0.0
96,4,绿豆,梯田,第一季,330.0,7.0,350.0,33040.0,B13,35.0,1,10.5,0.0,2023,0.0,0.0,0.0,0.0
97,4,绿豆,梯田,第一季,330.0,7.0,350.0,33040.0,B14,20.0,1,6.0,0.0,2023,0.0,0.0,0.0,0.0
98,4,绿豆,山坡地,第一季,315.0,7.0,350.0,33040.0,C1,15.0,1,4.5,0.0,2023,0.0,0.0,0.0,0.0
99,4,绿豆,山坡地,第一季,315.0,7.0,350.0,33040.0,C2,13.0,1,3.9,0.0,2023,0.0,0.0,0.0,0.0
100,4,绿豆,山坡地,第一季,315.0,7.0,350.0,33040.0,C3,15.0,1,4.5,-0.0,2023,-0.0,-0.0,-0.0,-0.0
101,4,绿豆,山坡地,第一季,315.0,7.0,350.0,33040.0,C4,18.0,1,5.4,0.0,2023,0.0,0.0,0.0,0.0
102,4,绿豆,山坡地,第一季,315.0,7.0,350.0,33040.0,C5,27.0,1,8.099999999999998,0.0,2023,0.0,0.0,0.0,0.0
103,4,绿豆,山坡地,第一季,315.0,7.0,350.0,33040.0,C6,20.0,1,6.0,0.0,2023,0.0,0.0,0.0,0.0
104,5,爬豆,平旱地,第一季,415.0,6.75,350.0,9875.0,A1,80.0,1,24.0,0.0,2023,0.0,0.0,0.0,0.0
105,5,爬豆,平旱地,第一季,415.0,6.75,350.0,9875.0,A2,55.0,1,16.5,0.0,2023,0.0,0.0,0.0,0.0
106,5,爬豆,平旱地,第一季,415.0,6.75,350.0,9875.0,A3,35.0,1,10.5,0.0,2023,0.0,0.0,0.0,0.0
107,5,爬豆,平旱地,第一季,415.0,6.75,350.0,9875.0,A4,72.0,1,21.6,0.0,2023,0.0,0.0,0.0,0.0
108,5,爬豆,平旱地,第一季,415.0,6.75,350.0,9875.0,A5,68.0,1,20.4,-0.0,2023,-0.0,-0.0,-0.0,-0.0
109,5,爬豆,平旱地,第一季,415.0,6.75,350.0,9875.0,A6,55.0,1,16.5,0.0,2023,0.0,0.0,0.0,0.0
110,5,爬豆,梯田,第一季,395.0,6.75,350.0,9875.0,B1,60.0,1,18.0,0.0,2023,0.0,0.0,0.0,0.0
111,5,爬豆,梯田,第一季,395.0,6.75,350.0,9875.0,B2,46.0,1,13.799999999999997,0.0,2023,0.0,0.0,0.0,0.0
112,5,爬豆,梯田,第一季,395.0,6.75,350.0,9875.0,B3,40.0,1,12.0,0.0,2023,0.0,0.0,0.0,0.0
113,5,爬豆,梯田,第一季,395.0,6.75,350.0,9875.0,B4,28.0,1,8.4,0.0,2023,0.0,0.0,0.0,0.0
114,5,爬豆,梯田,第一季,395.0,6.75,350.0,9875.0,B5,25.0,1,25.0,1.0,2023,9875.0,25.0,8750.0,1.0
115,5,爬豆,梯田,第一季,395.0,6.75,350.0,9875.0,B6,86.0,1,25.8,0.0,2023,0.0,0.0,0.0,0.0
116,5,爬豆,梯田,第一季,395.0,6.75,350.0,9875.0,B7,55.0,1,16.5,0.0,2023,0.0,0.0,0.0,0.0
117,5,爬豆,梯田,第一季,395.0,6.75,350.0,9875.0,B8,44.0,1,13.2,0.0,2023,0.0,0.0,0.0,0.0
118,5,爬豆,梯田,第一季,395.0,6.75,350.0,9875.0,B9,50.0,1,15.0,0.0,2023,0.0,0.0,0.0,0.0
119,5,爬豆,梯田,第一季,395.0,6.75,350.0,9875.0,B10,25.0,1,7.5,0.0,2023,0.0,0.0,0.0,0.0
120,5,爬豆,梯田,第一季,395.0,6.75,350.0,9875.0,B11,60.0,1,18.0,0.0,2023,0.0,0.0,0.0,0.0
121,5,爬豆,梯田,第一季,395.0,6.75,350.0,9875.0,B12,45.0,1,13.5,0.0,2023,0.0,0.0,0.0,0.0
122,5,爬豆,梯田,第一季,395.0,6.75,350.0,9875.0,B13,35.0,1,10.5,0.0,2023,0.0,0.0,0.0,0.0
123,5,爬豆,梯田,第一季,395.0,6.75,350.0,9875.0,B14,20.0,1,6.0,0.0,2023,0.0,0.0,0.0,0.0
124,5,爬豆,山坡地,第一季,375.0,6.75,350.0,9875.0,C1,15.0,1,4.5,0.0,2023,0.0,0.0,0.0,0.0
125,5,爬豆,山坡地,第一季,375.0,6.75,350.0,9875.0,C2,13.0,1,3.9,0.0,2023,0.0,0.0,0.0,0.0
126,5,爬豆,山坡地,第一季,375.0,6.75,350.0,9875.0,C3,15.0,1,4.5,0.0,2023,0.0,0.0,0.0,0.0
127,5,爬豆,山坡地,第一季,375.0,6.75,350.0,9875.0,C4,18.0,1,5.4,0.0,2023,0.0,0.0,0.0,0.0
128,5,爬豆,山坡地,第一季,375.0,6.75,350.0,9875.0,C5,27.0,1,8.099999999999998,0.0,2023,0.0,0.0,0.0,0.0
129,5,爬豆,山坡地,第一季,375.0,6.75,350.0,9875.0,C6,20.0,1,6.0,0.0,2023,0.0,0.0,0.0,0.0
130,6,小麦,平旱地,第一季,800.0,3.5,450.0,170840.0,A1,80.0,0,80.0,1.0,2023,64000.0,80.0,36000.0,0.0
131,6,小麦,平旱地,第一季,800.0,3.5,450.0,170840.0,A2,55.0,0,16.5,0.0,2023,0.0,0.0,0.0,0.0
132,6,小麦,平旱地,第一季,800.0,3.5,450.0,170840.0,A3,35.0,0,10.5,0.0,2023,0.0,0.0,0.0,0.0
133,6,小麦,平旱地,第一季,800.0,3.5,450.0,170840.0,A4,72.0,0,21.6,0.0,2023,0.0,0.0,0.0,0.0
134,6,小麦,平旱地,第一季,800.0,3.5,450.0,170840.0,A5,68.0,0,20.4,0.0,2023,0.0,0.0,0.0,0.0
135,6,小麦,平旱地,第一季,800.0,3.5,450.0,170840.0,A6,55.0,0,16.5,0.0,2023,0.0,0.0,0.0,0.0
136,6,小麦,梯田,第一季,760.0,3.5,450.0,170840.0,B1,60.0,0,60.0,1.0,2023,45600.0,60.0,27000.0,0.0
137,6,小麦,梯田,第一季,760.0,3.5,450.0,170840.0,B2,46.0,0,13.799999999999997,0.0,2023,0.0,0.0,0.0,0.0
138,6,小麦,梯田,第一季,760.0,3.5,450.0,170840.0,B3,40.0,0,12.0,0.0,2023,0.0,0.0,0.0,0.0
139,6,小麦,梯田,第一季,760.0,3.5,450.0,170840.0,B4,28.0,0,8.4,0.0,2023,0.0,0.0,0.0,0.0
140,6,小麦,梯田,第一季,760.0,3.5,450.0,170840.0,B5,25.0,0,7.5,0.0,2023,0.0,0.0,0.0,0.0
141,6,小麦,梯田,第一季,760.0,3.5,450.0,170840.0,B6,86.0,0,25.8,0.0,2023,0.0,0.0,0.0,0.0
142,6,小麦,梯田,第一季,760.0,3.5,450.0,170840.0,B7,55.0,0,55.0,1.0,2023,41800.0,55.0,24750.0,0.0
143,6,小麦,梯田,第一季,760.0,3.5,450.0,170840.0,B8,44.0,0,13.2,0.0,2023,0.0,0.0,0.0,0.0
144,6,小麦,梯田,第一季,760.0,3.5,450.0,170840.0,B9,50.0,0,15.0,0.0,2023,0.0,0.0,0.0,0.0
145,6,小麦,梯田,第一季,760.0,3.5,450.0,170840.0,B10,25.0,0,7.5,0.0,2023,0.0,0.0,0.0,0.0
146,6,小麦,梯田,第一季,760.0,3.5,450.0,170840.0,B11,60.0,0,18.0,0.0,2023,0.0,0.0,0.0,0.0
147,6,小麦,梯田,第一季,760.0,3.5,450.0,170840.0,B12,45.0,0,13.5,0.0,2023,0.0,0.0,0.0,0.0
148,6,小麦,梯田,第一季,760.0,3.5,450.0,170840.0,B13,35.0,0,10.5,0.0,2023,0.0,0.0,0.0,0.0
149,6,小麦,梯田,第一季,760.0,3.5,450.0,170840.0,B14,20.0,0,6.0,0.0,2023,0.0,0.0,0.0,0.0
150,6,小麦,山坡地,第一季,720.0,3.5,450.0,170840.0,C1,15.0,0,4.5,0.0,2023,0.0,0.0,0.0,0.0
151,6,小麦,山坡地,第一季,720.0,3.5,450.0,170840.0,C2,13.0,0,3.9,0.0,2023,0.0,0.0,0.0,0.0
152,6,小麦,山坡地,第一季,720.0,3.5,450.0,170840.0,C3,15.0,0,4.5,0.0,2023,0.0,0.0,0.0,0.0
153,6,小麦,山坡地,第一季,720.0,3.5,450.0,170840.0,C4,18.0,0,5.4,0.0,2023,0.0,0.0,0.0,0.0
154,6,小麦,山坡地,第一季,720.0,3.5,450.0,170840.0,C5,27.0,0,27.0,1.0,2023,19440.0,27.0,12150.0,0.0
155,6,小麦,山坡地,第一季,720.0,3.5,450.0,170840.0,C6,20.0,0,6.0,0.0,2023,0.0,0.0,0.0,0.0
156,7,玉米,平旱地,第一季,1000.0,3.0,500.0,132750.0,A1,80.0,0,24.0,0.0,2023,0.0,0.0,0.0,0.0
157,7,玉米,平旱地,第一季,1000.0,3.0,500.0,132750.0,A2,55.0,0,55.0,1.0,2023,55000.0,55.0,27500.0,0.0
158,7,玉米,平旱地,第一季,1000.0,3.0,500.0,132750.0,A3,35.0,0,35.0,1.0,2023,35000.0,35.0,17500.0,0.0
159,7,玉米,平旱地,第一季,1000.0,3.0,500.0,132750.0,A4,72.0,0,21.6,0.0,2023,0.0,0.0,0.0,0.0
160,7,玉米,平旱地,第一季,1000.0,3.0,500.0,132750.0,A5,68.0,0,20.4,0.0,2023,0.0,0.0,0.0,0.0
161,7,玉米,平旱地,第一季,1000.0,3.0,500.0,132750.0,A6,55.0,0,16.5,0.0,2023,0.0,0.0,0.0,0.0
162,7,玉米,梯田,第一季,950.0,3.0,500.0,132750.0,B1,60.0,0,18.0,0.0,2023,0.0,0.0,0.0,0.0
163,7,玉米,梯田,第一季,950.0,3.0,500.0,132750.0,B2,46.0,0,13.799999999999997,0.0,2023,0.0,0.0,0.0,0.0
164,7,玉米,梯田,第一季,950.0,3.0,500.0,132750.0,B3,40.0,0,12.0,0.0,2023,0.0,0.0,0.0,0.0
165,7,玉米,梯田,第一季,950.0,3.0,500.0,132750.0,B4,28.0,0,8.4,0.0,2023,0.0,0.0,0.0,0.0
166,7,玉米,梯田,第一季,950.0,3.0,500.0,132750.0,B5,25.0,0,7.5,0.0,2023,0.0,0.0,0.0,0.0
167,7,玉米,梯田,第一季,950.0,3.0,500.0,132750.0,B6,86.0,0,25.8,0.0,2023,0.0,0.0,0.0,0.0
168,7,玉米,梯田,第一季,950.0,3.0,500.0,132750.0,B7,55.0,0,16.5,0.0,2023,0.0,0.0,0.0,0.0
169,7,玉米,梯田,第一季,950.0,3.0,500.0,132750.0,B8,44.0,0,13.2,0.0,2023,0.0,0.0,0.0,0.0
170,7,玉米,梯田,第一季,950.0,3.0,500.0,132750.0,B9,50.0,0,15.0,0.0,2023,0.0,0.0,0.0,0.0
171,7,玉米,梯田,第一季,950.0,3.0,500.0,132750.0,B10,25.0,0,7.5,0.0,2023,0.0,0.0,0.0,0.0
172,7,玉米,梯田,第一季,950.0,3.0,500.0,132750.0,B11,60.0,0,18.0,0.0,2023,0.0,0.0,0.0,0.0
173,7,玉米,梯田,第一季,950.0,3.0,500.0,132750.0,B12,45.0,0,45.0,1.0,2023,42750.0,45.0,22500.0,0.0
174,7,玉米,梯田,第一季,950.0,3.0,500.0,132750.0,B13,35.0,0,10.5,0.0,2023,0.0,0.0,0.0,0.0
175,7,玉米,梯田,第一季,950.0,3.0,500.0,132750.0,B14,20.0,0,6.0,0.0,2023,0.0,0.0,0.0,0.0
176,7,玉米,山坡地,第一季,900.0,3.0,500.0,132750.0,C1,15.0,0,4.5,0.0,2023,0.0,0.0,0.0,0.0
177,7,玉米,山坡地,第一季,900.0,3.0,500.0,132750.0,C2,13.0,0,3.9,0.0,2023,0.0,0.0,0.0,0.0
178,7,玉米,山坡地,第一季,900.0,3.0,500.0,132750.0,C3,15.0,0,4.5,0.0,2023,0.0,0.0,0.0,0.0
179,7,玉米,山坡地,第一季,900.0,3.0,500.0,132750.0,C4,18.0,0,5.4,0.0,2023,0.0,0.0,0.0,0.0
180,7,玉米,山坡地,第一季,900.0,3.0,500.0,132750.0,C5,27.0,0,8.099999999999998,0.0,2023,0.0,0.0,0.0,0.0
181,7,玉米,山坡地,第一季,900.0,3.0,500.0,132750.0,C6,20.0,0,6.0,0.0,2023,0.0,0.0,0.0,0.0
182,8,谷子,平旱地,第一季,400.0,6.75,360.0,71400.0,A1,80.0,0,24.0,0.0,2023,0.0,0.0,0.0,0.0
183,8,谷子,平旱地,第一季,400.0,6.75,360.0,71400.0,A2,55.0,0,16.5,0.0,2023,0.0,0.0,0.0,0.0
184,8,谷子,平旱地,第一季,400.0,6.75,360.0,71400.0,A3,35.0,0,10.5,0.0,2023,0.0,0.0,0.0,0.0
185,8,谷子,平旱地,第一季,400.0,6.75,360.0,71400.0,A4,72.0,0,21.6,0.0,2023,0.0,0.0,0.0,0.0
186,8,谷子,平旱地,第一季,400.0,6.75,360.0,71400.0,A5,68.0,0,20.4,0.0,2023,0.0,0.0,0.0,0.0
187,8,谷子,平旱地,第一季,400.0,6.75,360.0,71400.0,A6,55.0,0,55.0,1.0,2023,22000.0,55.0,19800.0,0.0
188,8,谷子,梯田,第一季,380.0,6.75,360.0,71400.0,B1,60.0,0,18.0,0.0,2023,0.0,0.0,0.0,0.0
189,8,谷子,梯田,第一季,380.0,6.75,360.0,71400.0,B2,46.0,0,13.799999999999997,0.0,2023,0.0,0.0,0.0,0.0
190,8,谷子,梯田,第一季,380.0,6.75,360.0,71400.0,B3,40.0,0,12.0,0.0,2023,0.0,0.0,0.0,0.0
191,8,谷子,梯田,第一季,380.0,6.75,360.0,71400.0,B4,28.0,0,8.4,0.0,2023,0.0,0.0,0.0,0.0
192,8,谷子,梯田,第一季,380.0,6.75,360.0,71400.0,B5,25.0,0,7.5,0.0,2023,0.0,0.0,0.0,0.0
193,8,谷子,梯田,第一季,380.0,6.75,360.0,71400.0,B6,86.0,0,86.0,1.0,2023,32680.0,86.0,30960.0,0.0
194,8,谷子,梯田,第一季,380.0,6.75,360.0,71400.0,B7,55.0,0,16.5,0.0,2023,0.0,0.0,0.0,0.0
195,8,谷子,梯田,第一季,380.0,6.75,360.0,71400.0,B8,44.0,0,44.0,1.0,2023,16720.0,44.0,15840.0,0.0
196,8,谷子,梯田,第一季,380.0,6.75,360.0,71400.0,B9,50.0,0,15.0,0.0,2023,0.0,0.0,0.0,0.0
197,8,谷子,梯田,第一季,380.0,6.75,360.0,71400.0,B10,25.0,0,7.5,0.0,2023,0.0,0.0,0.0,0.0
198,8,谷子,梯田,第一季,380.0,6.75,360.0,71400.0,B11,60.0,0,18.0,0.0,2023,0.0,0.0,0.0,0.0
199,8,谷子,梯田,第一季,380.0,6.75,360.0,71400.0,B12,45.0,0,13.5,0.0,2023,0.0,0.0,0.0,0.0
200,8,谷子,梯田,第一季,380.0,6.75,360.0,71400.0,B13,35.0,0,10.5,0.0,2023,0.0,0.0,0.0,0.0
201,8,谷子,梯田,第一季,380.0,6.75,360.0,71400.0,B14,20.0,0,6.0,0.0,2023,0.0,0.0,0.0,0.0
202,8,谷子,山坡地,第一季,360.0,6.75,360.0,71400.0,C1,15.0,0,4.5,0.0,2023,0.0,0.0,0.0,0.0
203,8,谷子,山坡地,第一季,360.0,6.75,360.0,71400.0,C2,13.0,0,3.9,0.0,2023,0.0,0.0,0.0,0.0
204,8,谷子,山坡地,第一季,360.0,6.75,360.0,71400.0,C3,15.0,0,4.5,0.0,2023,0.0,0.0,0.0,0.0
205,8,谷子,山坡地,第一季,360.0,6.75,360.0,71400.0,C4,18.0,0,5.4,0.0,2023,0.0,0.0,0.0,0.0
206,8,谷子,山坡地,第一季,360.0,6.75,360.0,71400.0,C5,27.0,0,8.099999999999998,0.0,2023,0.0,0.0,0.0,0.0
207,8,谷子,山坡地,第一季,360.0,6.75,360.0,71400.0,C6,20.0,0,6.0,0.0,2023,0.0,0.0,0.0,0.0
208,9,高粱,平旱地,第一季,630.0,6.0,400.0,30000.0,A1,80.0,0,31.0,0.0,2023,0.0,0.0,0.0,0.0
209,9,高粱,平旱地,第一季,630.0,6.0,400.0,30000.0,A2,55.0,0,16.5,0.0,2023,0.0,0.0,0.0,0.0
210,9,高粱,平旱地,第一季,630.0,6.0,400.0,30000.0,A3,35.0,0,10.5,0.0,2023,0.0,0.0,0.0,0.0
211,9,高粱,平旱地,第一季,630.0,6.0,400.0,30000.0,A4,72.0,0,21.6,0.0,2023,0.0,0.0,0.0,0.0
212,9,高粱,平旱地,第一季,630.0,6.0,400.0,30000.0,A5,68.0,0,20.4,0.0,2023,0.0,0.0,0.0,0.0
213,9,高粱,平旱地,第一季,630.0,6.0,400.0,30000.0,A6,55.0,0,16.5,0.0,2023,0.0,0.0,0.0,0.0
214,9,高粱,梯田,第一季,600.0,6.0,400.0,30000.0,B1,60.0,0,18.0,0.0,2023,0.0,0.0,0.0,0.0
215,9,高粱,梯田,第一季,600.0,6.0,400.0,30000.0,B2,46.0,0,13.799999999999997,0.0,2023,0.0,0.0,0.0,0.0
216,9,高粱,梯田,第一季,600.0,6.0,400.0,30000.0,B3,40.0,0,12.0,0.0,2023,0.0,0.0,0.0,0.0
217,9,高粱,梯田,第一季,600.0,6.0,400.0,30000.0,B4,28.0,0,8.4,0.0,2023,0.0,0.0,0.0,0.0
218,9,高粱,梯田,第一季,600.0,6.0,400.0,30000.0,B5,25.0,0,7.5,0.0,2023,0.0,0.0,0.0,0.0
219,9,高粱,梯田,第一季,600.0,6.0,400.0,30000.0,B6,86.0,0,25.8,0.0,2023,0.0,0.0,0.0,0.0
220,9,高粱,梯田,第一季,600.0,6.0,400.0,30000.0,B7,55.0,0,16.5,0.0,2023,0.0,0.0,0.0,0.0
221,9,高粱,梯田,第一季,600.0,6.0,400.0,30000.0,B8,44.0,0,13.2,0.0,2023,0.0,0.0,0.0,0.0
222,9,高粱,梯田,第一季,600.0,6.0,400.0,30000.0,B9,50.0,0,50.0,1.0,2023,30000.0,50.0,20000.0,0.0
223,9,高粱,梯田,第一季,600.0,6.0,400.0,30000.0,B10,25.0,0,7.5,0.0,2023,0.0,0.0,0.0,0.0
224,9,高粱,梯田,第一季,600.0,6.0,400.0,30000.0,B11,60.0,0,18.0,0.0,2023,0.0,0.0,0.0,0.0
225,9,高粱,梯田,第一季,600.0,6.0,400.0,30000.0,B12,45.0,0,13.5,0.0,2023,0.0,0.0,0.0,0.0
226,9,高粱,梯田,第一季,600.0,6.0,400.0,30000.0,B13,35.0,0,10.5,0.0,2023,0.0,0.0,0.0,0.0
227,9,高粱,梯田,第一季,600.0,6.0,400.0,30000.0,B14,20.0,0,6.0,0.0,2023,0.0,0.0,0.0,0.0
228,9,高粱,山坡地,第一季,570.0,6.0,400.0,30000.0,C1,15.0,0,4.5,0.0,2023,0.0,0.0,0.0,0.0
229,9,高粱,山坡地,第一季,570.0,6.0,400.0,30000.0,C2,13.0,0,3.9,0.0,2023,0.0,0.0,0.0,0.0
230,9,高粱,山坡地,第一季,570.0,6.0,400.0,30000.0,C3,15.0,0,4.5,0.0,2023,0.0,0.0,0.0,0.0
231,9,高粱,山坡地,第一季,570.0,6.0,400.0,30000.0,C4,18.0,0,5.4,0.0,2023,0.0,0.0,0.0,0.0
232,9,高粱,山坡地,第一季,570.0,6.0,400.0,30000.0,C5,27.0,0,8.099999999999998,0.0,2023,0.0,0.0,0.0,0.0
233,9,高粱,山坡地,第一季,570.0,6.0,400.0,30000.0,C6,20.0,0,6.0,0.0,2023,0.0,0.0,0.0,0.0
234,10,黍子,平旱地,第一季,525.0,7.5,360.0,12500.0,A1,80.0,0,24.0,0.0,2023,0.0,0.0,0.0,0.0
235,10,黍子,平旱地,第一季,525.0,7.5,360.0,12500.0,A2,55.0,0,16.5,0.0,2023,0.0,0.0,0.0,0.0
236,10,黍子,平旱地,第一季,525.0,7.5,360.0,12500.0,A3,35.0,0,10.5,0.0,2023,0.0,0.0,0.0,0.0
237,10,黍子,平旱地,第一季,525.0,7.5,360.0,12500.0,A4,72.0,0,21.6,0.0,2023,0.0,0.0,0.0,0.0
238,10,黍子,平旱地,第一季,525.0,7.5,360.0,12500.0,A5,68.0,0,20.4,0.0,2023,0.0,0.0,0.0,0.0
239,10,黍子,平旱地,第一季,525.0,7.5,360.0,12500.0,A6,55.0,0,16.5,0.0,2023,0.0,0.0,0.0,0.0
240,10,黍子,梯田,第一季,500.0,7.5,360.0,12500.0,B1,60.0,0,18.0,0.0,2023,0.0,0.0,0.0,0.0
241,10,黍子,梯田,第一季,500.0,7.5,360.0,12500.0,B2,46.0,0,13.799999999999997,0.0,2023,0.0,0.0,0.0,0.0
242,10,黍子,梯田,第一季,500.0,7.5,360.0,12500.0,B3,40.0,0,12.0,0.0,2023,0.0,0.0,0.0,0.0
243,10,黍子,梯田,第一季,500.0,7.5,360.0,12500.0,B4,28.0,0,8.4,0.0,2023,0.0,0.0,0.0,0.0
244,10,黍子,梯田,第一季,500.0,7.5,360.0,12500.0,B5,25.0,0,7.5,0.0,2023,0.0,0.0,0.0,0.0
245,10,黍子,梯田,第一季,500.0,7.5,360.0,12500.0,B6,86.0,0,25.8,0.0,2023,0.0,0.0,0.0,0.0
246,10,黍子,梯田,第一季,500.0,7.5,360.0,12500.0,B7,55.0,0,16.5,0.0,2023,0.0,0.0,0.0,0.0
247,10,黍子,梯田,第一季,500.0,7.5,360.0,12500.0,B8,44.0,0,13.2,0.0,2023,0.0,0.0,0.0,0.0
248,10,黍子,梯田,第一季,500.0,7.5,360.0,12500.0,B9,50.0,0,15.0,0.0,2023,0.0,0.0,0.0,0.0
249,10,黍子,梯田,第一季,500.0,7.5,360.0,12500.0,B10,25.0,0,25.0,1.0,2023,12500.0,25.0,9000.0,0.0
250,10,黍子,梯田,第一季,500.0,7.5,360.0,12500.0,B11,60.0,0,18.0,0.0,2023,0.0,0.0,0.0,0.0
251,10,黍子,梯田,第一季,500.0,7.5,360.0,12500.0,B12,45.0,0,13.5,0.0,2023,0.0,0.0,0.0,0.0
252,10,黍子,梯田,第一季,500.0,7.5,360.0,12500.0,B13,35.0,0,10.5,0.0,2023,0.0,0.0,0.0,0.0
253,10,黍子,梯田,第一季,500.0,7.5,360.0,12500.0,B14,20.0,0,6.0,0.0,2023,0.0,0.0,0.0,0.0
254,10,黍子,山坡地,第一季,475.0,7.5,360.0,12500.0,C1,15.0,0,4.5,0.0,2023,0.0,0.0,0.0,0.0
255,10,黍子,山坡地,第一季,475.0,7.5,360.0,12500.0,C2,13.0,0,3.9,0.0,2023,0.0,0.0,0.0,0.0
256,10,黍子,山坡地,第一季,475.0,7.5,360.0,12500.0,C3,15.0,0,4.5,0.0,2023,0.0,0.0,0.0,0.0
257,10,黍子,山坡地,第一季,475.0,7.5,360.0,12500.0,C4,18.0,0,5.4,0.0,2023,0.0,0.0,0.0,0.0
258,10,黍子,山坡地,第一季,475.0,7.5,360.0,12500.0,C5,27.0,0,8.099999999999998,0.0,2023,0.0,0.0,0.0,0.0
259,10,黍子,山坡地,第一季,475.0,7.5,360.0,12500.0,C6,20.0,0,6.0,0.0,2023,0.0,0.0,0.0,0.0
260,11,荞麦,平旱地,第一季,110.0,40.0,350.0,1500.0,A1,80.0,0,24.0,0.0,2023,0.0,0.0,0.0,0.0
261,11,荞麦,平旱地,第一季,110.0,40.0,350.0,1500.0,A2,55.0,0,16.5,0.0,2023,0.0,0.0,0.0,0.0
262,11,荞麦,平旱地,第一季,110.0,40.0,350.0,1500.0,A3,35.0,0,10.5,0.0,2023,0.0,0.0,0.0,0.0
263,11,荞麦,平旱地,第一季,110.0,40.0,350.0,1500.0,A4,72.0,0,21.6,0.0,2023,0.0,0.0,0.0,0.0
264,11,荞麦,平旱地,第一季,110.0,40.0,350.0,1500.0,A5,68.0,0,20.4,0.0,2023,0.0,0.0,0.0,0.0
265,11,荞麦,平旱地,第一季,110.0,40.0,350.0,1500.0,A6,55.0,0,16.5,0.0,2023,0.0,0.0,0.0,0.0
266,11,荞麦,梯田,第一季,105.0,40.0,350.0,1500.0,B1,60.0,0,18.0,0.0,2023,0.0,0.0,0.0,0.0
267,11,荞麦,梯田,第一季,105.0,40.0,350.0,1500.0,B2,46.0,0,13.799999999999997,0.0,2023,0.0,0.0,0.0,0.0
268,11,荞麦,梯田,第一季,105.0,40.0,350.0,1500.0,B3,40.0,0,12.0,0.0,2023,0.0,0.0,0.0,0.0
269,11,荞麦,梯田,第一季,105.0,40.0,350.0,1500.0,B4,28.0,0,8.4,0.0,2023,0.0,0.0,0.0,0.0
270,11,荞麦,梯田,第一季,105.0,40.0,350.0,1500.0,B5,25.0,0,7.5,0.0,2023,0.0,0.0,0.0,0.0
271,11,荞麦,梯田,第一季,105.0,40.0,350.0,1500.0,B6,86.0,0,25.8,0.0,2023,0.0,0.0,0.0,0.0
272,11,荞麦,梯田,第一季,105.0,40.0,350.0,1500.0,B7,55.0,0,16.5,0.0,2023,0.0,0.0,0.0,0.0
273,11,荞麦,梯田,第一季,105.0,40.0,350.0,1500.0,B8,44.0,0,13.2,0.0,2023,0.0,0.0,0.0,0.0
274,11,荞麦,梯田,第一季,105.0,40.0,350.0,1500.0,B9,50.0,0,15.0,0.0,2023,0.0,0.0,0.0,0.0
275,11,荞麦,梯田,第一季,105.0,40.0,350.0,1500.0,B10,25.0,0,7.5,0.0,2023,0.0,0.0,0.0,0.0
276,11,荞麦,梯田,第一季,105.0,40.0,350.0,1500.0,B11,60.0,0,18.0,0.0,2023,0.0,0.0,0.0,0.0
277,11,荞麦,梯田,第一季,105.0,40.0,350.0,1500.0,B12,45.0,0,13.5,0.0,2023,0.0,0.0,0.0,0.0
278,11,荞麦,梯田,第一季,105.0,40.0,350.0,1500.0,B13,35.0,0,10.5,0.0,2023,0.0,0.0,0.0,0.0
279,11,荞麦,梯田,第一季,105.0,40.0,350.0,1500.0,B14,20.0,0,6.0,0.0,2023,0.0,0.0,0.0,0.0
280,11,荞麦,山坡地,第一季,100.0,40.0,350.0,1500.0,C1,15.0,0,15.0,1.0,2023,1500.0,15.0,5250.0,0.0
281,11,荞麦,山坡地,第一季,100.0,40.0,350.0,1500.0,C2,13.0,0,3.9,0.0,2023,0.0,0.0,0.0,0.0
282,11,荞麦,山坡地,第一季,100.0,40.0,350.0,1500.0,C3,15.0,0,4.5,0.0,2023,0.0,0.0,0.0,0.0
283,11,荞麦,山坡地,第一季,100.0,40.0,350.0,1500.0,C4,18.0,0,5.4,0.0,2023,0.0,0.0,0.0,0.0
284,11,荞麦,山坡地,第一季,100.0,40.0,350.0,1500.0,C5,27.0,0,8.099999999999998,0.0,2023,0.0,0.0,0.0,0.0
285,11,荞麦,山坡地,第一季,100.0,40.0,350.0,1500.0,C6,20.0,0,6.0,0.0,2023,0.0,0.0,0.0,0.0
286,12,南瓜,平旱地,第一季,3000.0,1.5,1000.0,35100.0,A1,80.0,0,24.0,0.0,2023,0.0,0.0,0.0,0.0
287,12,南瓜,平旱地,第一季,3000.0,1.5,1000.0,35100.0,A2,55.0,0,16.5,0.0,2023,0.0,0.0,0.0,0.0
288,12,南瓜,平旱地,第一季,3000.0,1.5,1000.0,35100.0,A3,35.0,0,10.5,0.0,2023,0.0,0.0,0.0,0.0
289,12,南瓜,平旱地,第一季,3000.0,1.5,1000.0,35100.0,A4,72.0,0,21.6,0.0,2023,0.0,0.0,0.0,0.0
290,12,南瓜,平旱地,第一季,3000.0,1.5,1000.0,35100.0,A5,68.0,0,20.4,0.0,2023,0.0,0.0,0.0,0.0
291,12,南瓜,平旱地,第一季,3000.0,1.5,1000.0,35100.0,A6,55.0,0,16.5,0.0,2023,0.0,0.0,0.0,0.0
292,12,南瓜,梯田,第一季,2850.0,1.5,1000.0,35100.0,B1,60.0,0,18.0,0.0,2023,0.0,0.0,0.0,0.0
293,12,南瓜,梯田,第一季,2850.0,1.5,1000.0,35100.0,B2,46.0,0,13.799999999999997,0.0,2023,0.0,0.0,0.0,0.0
294,12,南瓜,梯田,第一季,2850.0,1.5,1000.0,35100.0,B3,40.0,0,12.0,0.0,2023,0.0,0.0,0.0,0.0
295,12,南瓜,梯田,第一季,2850.0,1.5,1000.0,35100.0,B4,28.0,0,8.4,0.0,2023,0.0,0.0,0.0,0.0
296,12,南瓜,梯田,第一季,2850.0,1.5,1000.0,35100.0,B5,25.0,0,7.5,0.0,2023,0.0,0.0,0.0,0.0
297,12,南瓜,梯田,第一季,2850.0,1.5,1000.0,35100.0,B6,86.0,0,25.8,0.0,2023,0.0,0.0,0.0,0.0
298,12,南瓜,梯田,第一季,2850.0,1.5,1000.0,35100.0,B7,55.0,0,16.5,0.0,2023,0.0,0.0,0.0,0.0
299,12,南瓜,梯田,第一季,2850.0,1.5,1000.0,35100.0,B8,44.0,0,13.2,0.0,2023,0.0,0.0,0.0,0.0
300,12,南瓜,梯田,第一季,2850.0,1.5,1000.0,35100.0,B9,50.0,0,15.0,0.0,2023,0.0,0.0,0.0,0.0
301,12,南瓜,梯田,第一季,2850.0,1.5,1000.0,35100.0,B10,25.0,0,7.5,0.0,2023,0.0,0.0,0.0,0.0
302,12,南瓜,梯田,第一季,2850.0,1.5,1000.0,35100.0,B11,60.0,0,18.0,0.0,2023,0.0,0.0,0.0,0.0
303,12,南瓜,梯田,第一季,2850.0,1.5,1000.0,35100.0,B12,45.0,0,13.5,0.0,2023,0.0,0.0,0.0,0.0
304,12,南瓜,梯田,第一季,2850.0,1.5,1000.0,35100.0,B13,35.0,0,10.5,0.0,2023,0.0,0.0,0.0,0.0
305,12,南瓜,梯田,第一季,2850.0,1.5,1000.0,35100.0,B14,20.0,0,6.0,0.0,2023,0.0,0.0,0.0,0.0
306,12,南瓜,山坡地,第一季,2700.0,1.5,1000.0,35100.0,C1,15.0,0,4.5,0.0,2023,0.0,0.0,0.0,0.0
307,12,南瓜,山坡地,第一季,2700.0,1.5,1000.0,35100.0,C2,13.0,0,13.0,1.0,2023,35100.0,13.0,13000.0,0.0
308,12,南瓜,山坡地,第一季,2700.0,1.5,1000.0,35100.0,C3,15.0,0,4.5,0.0,2023,0.0,0.0,0.0,0.0
309,12,南瓜,山坡地,第一季,2700.0,1.5,1000.0,35100.0,C4,18.0,0,5.4,0.0,2023,0.0,0.0,0.0,0.0
310,12,南瓜,山坡地,第一季,2700.0,1.5,1000.0,35100.0,C5,27.0,0,8.099999999999998,0.0,2023,0.0,0.0,0.0,0.0
311,12,南瓜,山坡地,第一季,2700.0,1.5,1000.0,35100.0,C6,20.0,0,6.0,0.0,2023,0.0,0.0,0.0,0.0
312,13,红薯,平旱地,第一季,2200.0,3.25,2000.0,36000.0,A1,80.0,0,24.0,0.0,2023,0.0,0.0,0.0,0.0
313,13,红薯,平旱地,第一季,2200.0,3.25,2000.0,36000.0,A2,55.0,0,16.5,0.0,2023,0.0,0.0,0.0,0.0
314,13,红薯,平旱地,第一季,2200.0,3.25,2000.0,36000.0,A3,35.0,0,10.5,0.0,2023,0.0,0.0,0.0,0.0
315,13,红薯,平旱地,第一季,2200.0,3.25,2000.0,36000.0,A4,72.0,0,21.6,0.0,2023,0.0,0.0,0.0,0.0
316,13,红薯,平旱地,第一季,2200.0,3.25,2000.0,36000.0,A5,68.0,0,20.4,0.0,2023,0.0,0.0,0.0,0.0
317,13,红薯,平旱地,第一季,2200.0,3.25,2000.0,36000.0,A6,55.0,0,16.5,0.0,2023,0.0,0.0,0.0,0.0
318,13,红薯,梯田,第一季,2100.0,3.25,2000.0,36000.0,B1,60.0,0,18.0,0.0,2023,0.0,0.0,0.0,0.0
319,13,红薯,梯田,第一季,2100.0,3.25,2000.0,36000.0,B2,46.0,0,13.799999999999997,0.0,2023,0.0,0.0,0.0,0.0
320,13,红薯,梯田,第一季,2100.0,3.25,2000.0,36000.0,B3,40.0,0,12.0,0.0,2023,0.0,0.0,0.0,0.0
321,13,红薯,梯田,第一季,2100.0,3.25,2000.0,36000.0,B4,28.0,0,8.4,0.0,2023,0.0,0.0,0.0,0.0
322,13,红薯,梯田,第一季,2100.0,3.25,2000.0,36000.0,B5,25.0,0,7.5,0.0,2023,0.0,0.0,0.0,0.0
323,13,红薯,梯田,第一季,2100.0,3.25,2000.0,36000.0,B6,86.0,0,25.8,0.0,2023,0.0,0.0,0.0,0.0
324,13,红薯,梯田,第一季,2100.0,3.25,2000.0,36000.0,B7,55.0,0,16.5,0.0,2023,0.0,0.0,0.0,0.0
325,13,红薯,梯田,第一季,2100.0,3.25,2000.0,36000.0,B8,44.0,0,13.2,0.0,2023,0.0,0.0,0.0,0.0
326,13,红薯,梯田,第一季,2100.0,3.25,2000.0,36000.0,B9,50.0,0,15.0,0.0,2023,0.0,0.0,0.0,0.0
327,13,红薯,梯田,第一季,2100.0,3.25,2000.0,36000.0,B10,25.0,0,7.5,0.0,2023,0.0,0.0,0.0,0.0
328,13,红薯,梯田,第一季,2100.0,3.25,2000.0,36000.0,B11,60.0,0,18.0,0.0,2023,0.0,0.0,0.0,0.0
329,13,红薯,梯田,第一季,2100.0,3.25,2000.0,36000.0,B12,45.0,0,13.5,0.0,2023,0.0,0.0,0.0,0.0
330,13,红薯,梯田,第一季,2100.0,3.25,2000.0,36000.0,B13,35.0,0,10.5,0.0,2023,0.0,0.0,0.0,0.0
331,13,红薯,梯田,第一季,2100.0,3.25,2000.0,36000.0,B14,20.0,0,6.0,0.0,2023,0.0,0.0,0.0,0.0
332,13,红薯,山坡地,第一季,2000.0,3.25,2000.0,36000.0,C1,15.0,0,4.5,0.0,2023,0.0,0.0,0.0,0.0
333,13,红薯,山坡地,第一季,2000.0,3.25,2000.0,36000.0,C2,13.0,0,3.9,0.0,2023,0.0,0.0,0.0,0.0
334,13,红薯,山坡地,第一季,2000.0,3.25,2000.0,36000.0,C3,15.0,0,4.5,0.0,2023,0.0,0.0,0.0,0.0
335,13,红薯,山坡地,第一季,2000.0,3.25,2000.0,36000.0,C4,18.0,0,18.0,1.0,2023,36000.0,18.0,36000.0,0.0
336,13,红薯,山坡地,第一季,2000.0,3.25,2000.0,36000.0,C5,27.0,0,8.099999999999998,0.0,2023,0.0,0.0,0.0,0.0
337,13,红薯,山坡地,第一季,2000.0,3.25,2000.0,36000.0,C6,20.0,0,6.0,0.0,2023,0.0,0.0,0.0,0.0
338,14,莜麦,平旱地,第一季,420.0,5.5,400.0,14000.0,A1,80.0,0,24.0,0.0,2023,0.0,0.0,0.0,0.0
339,14,莜麦,平旱地,第一季,420.0,5.5,400.0,14000.0,A2,55.0,0,16.5,0.0,2023,0.0,0.0,0.0,0.0
340,14,莜麦,平旱地,第一季,420.0,5.5,400.0,14000.0,A3,35.0,0,10.5,0.0,2023,0.0,0.0,0.0,0.0
341,14,莜麦,平旱地,第一季,420.0,5.5,400.0,14000.0,A4,72.0,0,21.6,0.0,2023,0.0,0.0,0.0,0.0
342,14,莜麦,平旱地,第一季,420.0,5.5,400.0,14000.0,A5,68.0,0,20.4,0.0,2023,0.0,0.0,0.0,0.0
343,14,莜麦,平旱地,第一季,420.0,5.5,400.0,14000.0,A6,55.0,0,16.5,0.0,2023,0.0,0.0,0.0,0.0
344,14,莜麦,梯田,第一季,400.0,5.5,400.0,14000.0,B1,60.0,0,18.0,0.0,2023,0.0,0.0,0.0,0.0
345,14,莜麦,梯田,第一季,400.0,5.5,400.0,14000.0,B2,46.0,0,13.799999999999997,0.0,2023,0.0,0.0,0.0,0.0
346,14,莜麦,梯田,第一季,400.0,5.5,400.0,14000.0,B3,40.0,0,12.0,0.0,2023,0.0,0.0,0.0,0.0
347,14,莜麦,梯田,第一季,400.0,5.5,400.0,14000.0,B4,28.0,0,8.4,0.0,2023,0.0,0.0,0.0,0.0
348,14,莜麦,梯田,第一季,400.0,5.5,400.0,14000.0,B5,25.0,0,7.5,0.0,2023,0.0,0.0,0.0,0.0
349,14,莜麦,梯田,第一季,400.0,5.5,400.0,14000.0,B6,86.0,0,25.8,0.0,2023,0.0,0.0,0.0,0.0
350,14,莜麦,梯田,第一季,400.0,5.5,400.0,14000.0,B7,55.0,0,16.5,0.0,2023,0.0,0.0,0.0,0.0
351,14,莜麦,梯田,第一季,400.0,5.5,400.0,14000.0,B8,44.0,0,13.2,0.0,2023,0.0,0.0,0.0,0.0
352,14,莜麦,梯田,第一季,400.0,5.5,400.0,14000.0,B9,50.0,0,15.0,0.0,2023,0.0,0.0,0.0,0.0
353,14,莜麦,梯田,第一季,400.0,5.5,400.0,14000.0,B10,25.0,0,7.5,0.0,2023,0.0,0.0,0.0,0.0
354,14,莜麦,梯田,第一季,400.0,5.5,400.0,14000.0,B11,60.0,0,18.0,0.0,2023,0.0,0.0,0.0,0.0
355,14,莜麦,梯田,第一季,400.0,5.5,400.0,14000.0,B12,45.0,0,13.5,0.0,2023,0.0,0.0,0.0,0.0
356,14,莜麦,梯田,第一季,400.0,5.5,400.0,14000.0,B13,35.0,0,35.0,1.0,2023,14000.0,35.0,14000.0,0.0
357,14,莜麦,梯田,第一季,400.0,5.5,400.0,14000.0,B14,20.0,0,6.0,0.0,2023,0.0,0.0,0.0,0.0
358,14,莜麦,山坡地,第一季,380.0,5.5,400.0,14000.0,C1,15.0,0,4.5,0.0,2023,0.0,0.0,0.0,0.0
359,14,莜麦,山坡地,第一季,380.0,5.5,400.0,14000.0,C2,13.0,0,3.9,0.0,2023,0.0,0.0,0.0,0.0
360,14,莜麦,山坡地,第一季,380.0,5.5,400.0,14000.0,C3,15.0,0,4.5,0.0,2023,0.0,0.0,0.0,0.0
361,14,莜麦,山坡地,第一季,380.0,5.5,400.0,14000.0,C4,18.0,0,5.4,0.0,2023,0.0,0.0,0.0,0.0
362,14,莜麦,山坡地,第一季,380.0,5.5,400.0,14000.0,C5,27.0,0,8.099999999999998,0.0,2023,0.0,0.0,0.0,0.0
363,14,莜麦,山坡地,第一季,380.0,5.5,400.0,14000.0,C6,20.0,0,6.0,0.0,2023,0.0,0.0,0.0,0.0
364,15,大麦,平旱地,第一季,525.0,3.5,350.0,10000.0,A1,80.0,0,24.0,0.0,2023,0.0,0.0,0.0,0.0
365,15,大麦,平旱地,第一季,525.0,3.5,350.0,10000.0,A2,55.0,0,16.5,0.0,2023,0.0,0.0,0.0,0.0
366,15,大麦,平旱地,第一季,525.0,3.5,350.0,10000.0,A3,35.0,0,10.5,0.0,2023,0.0,0.0,0.0,0.0
367,15,大麦,平旱地,第一季,525.0,3.5,350.0,10000.0,A4,72.0,0,21.6,0.0,2023,0.0,0.0,0.0,0.0
368,15,大麦,平旱地,第一季,525.0,3.5,350.0,10000.0,A5,68.0,0,20.4,0.0,2023,0.0,0.0,0.0,0.0
369,15,大麦,平旱地,第一季,525.0,3.5,350.0,10000.0,A6,55.0,0,16.5,0.0,2023,0.0,0.0,0.0,0.0
370,15,大麦,梯田,第一季,500.0,3.5,350.0,10000.0,B1,60.0,0,18.0,0.0,2023,0.0,0.0,0.0,0.0
371,15,大麦,梯田,第一季,500.0,3.5,350.0,10000.0,B2,46.0,0,13.799999999999997,0.0,2023,0.0,0.0,0.0,0.0
372,15,大麦,梯田,第一季,500.0,3.5,350.0,10000.0,B3,40.0,0,12.0,0.0,2023,0.0,0.0,0.0,0.0
373,15,大麦,梯田,第一季,500.0,3.5,350.0,10000.0,B4,28.0,0,8.4,0.0,2023,0.0,0.0,0.0,0.0
374,15,大麦,梯田,第一季,500.0,3.5,350.0,10000.0,B5,25.0,0,7.5,0.0,2023,0.0,0.0,0.0,0.0
375,15,大麦,梯田,第一季,500.0,3.5,350.0,10000.0,B6,86.0,0,25.8,0.0,2023,0.0,0.0,0.0,0.0
376,15,大麦,梯田,第一季,500.0,3.5,350.0,10000.0,B7,55.0,0,16.5,0.0,2023,0.0,0.0,0.0,0.0
377,15,大麦,梯田,第一季,500.0,3.5,350.0,10000.0,B8,44.0,0,13.2,0.0,2023,0.0,0.0,0.0,0.0
378,15,大麦,梯田,第一季,500.0,3.5,350.0,10000.0,B9,50.0,0,15.0,0.0,2023,0.0,0.0,0.0,0.0
379,15,大麦,梯田,第一季,500.0,3.5,350.0,10000.0,B10,25.0,0,7.5,0.0,2023,0.0,0.0,0.0,0.0
380,15,大麦,梯田,第一季,500.0,3.5,350.0,10000.0,B11,60.0,0,18.0,0.0,2023,0.0,0.0,0.0,0.0
381,15,大麦,梯田,第一季,500.0,3.5,350.0,10000.0,B12,45.0,0,13.5,0.0,2023,0.0,0.0,0.0,0.0
382,15,大麦,梯田,第一季,500.0,3.5,350.0,10000.0,B13,35.0,0,10.5,0.0,2023,0.0,0.0,0.0,0.0
383,15,大麦,梯田,第一季,500.0,3.5,350.0,10000.0,B14,20.0,0,20.0,1.0,2023,10000.0,20.0,7000.0,0.0
384,15,大麦,山坡地,第一季,475.0,3.5,350.0,10000.0,C1,15.0,0,4.5,0.0,2023,0.0,0.0,0.0,0.0
385,15,大麦,山坡地,第一季,475.0,3.5,350.0,10000.0,C2,13.0,0,3.9,0.0,2023,0.0,0.0,0.0,0.0
386,15,大麦,山坡地,第一季,475.0,3.5,350.0,10000.0,C3,15.0,0,4.5,0.0,2023,0.0,0.0,0.0,0.0
387,15,大麦,山坡地,第一季,475.0,3.5,350.0,10000.0,C4,18.0,0,5.4,0.0,2023,0.0,0.0,0.0,0.0
388,15,大麦,山坡地,第一季,475.0,3.5,350.0,10000.0,C5,27.0,0,8.099999999999998,0.0,2023,0.0,0.0,0.0,0.0
389,15,大麦,山坡地,第一季,475.0,3.5,350.0,10000.0,C6,20.0,0,6.0,0.0,2023,0.0,0.0,0.0,0.0
390,16,水稻,水浇地,第一季,500.0,7.0,680.0,21000.0,D1,15.0,0,4.5,0.0,2023,0.0,0.0,0.0,0.0
391,16,水稻,水浇地,第一季,500.0,7.0,680.0,21000.0,D2,10.0,0,3.0,0.0,2023,0.0,0.0,0.0,0.0
392,16,水稻,水浇地,第一季,500.0,7.0,680.0,21000.0,D3,14.0,0,4.2,0.0,2023,0.0,0.0,0.0,0.0
393,16,水稻,水浇地,第一季,500.0,7.0,680.0,21000.0,D4,6.0,0,1.7999999999999998,0.0,2023,0.0,0.0,0.0,0.0
394,16,水稻,水浇地,第一季,500.0,7.0,680.0,21000.0,D5,10.0,0,3.0,0.0,2023,0.0,0.0,0.0,0.0
395,16,水稻,水浇地,第一季,500.0,7.0,680.0,21000.0,D6,12.0,0,3.6,0.0,2023,0.0,0.0,0.0,0.0
396,16,水稻,水浇地,第一季,500.0,7.0,680.0,21000.0,D7,22.0,0,22.0,1.0,2023,11000.0,22.0,14960.0,0.0
397,16,水稻,水浇地,第一季,500.0,7.0,680.0,21000.0,D8,20.0,0,20.0,1.0,2023,10000.0,20.0,13600.0,0.0
398,17,豇豆,水浇地,第一季,3000.0,8.0,2400.0,36480.0,D1,15.0,1,4.5,0.0,2023,0.0,0.0,0.0,0.0
399,17,豇豆,水浇地,第一季,3000.0,8.0,2400.0,36480.0,D2,10.0,1,3.0,0.0,2023,0.0,0.0,0.0,0.0
400,17,豇豆,水浇地,第一季,3000.0,8.0,2400.0,36480.0,D3,14.0,1,4.2,0.0,2023,0.0,0.0,0.0,0.0
401,17,豇豆,水浇地,第一季,3000.0,8.0,2400.0,36480.0,D4,6.0,1,1.7999999999999998,0.0,2023,0.0,0.0,0.0,0.0
402,17,豇豆,水浇地,第一季,3000.0,8.0,2400.0,36480.0,D5,10.0,1,10.0,1.0,2023,30000.0,10.0,24000.0,1.0
403,17,豇豆,水浇地,第一季,3000.0,8.0,2400.0,36480.0,D6,12.0,1,3.6,0.0,2023,0.0,0.0,0.0,0.0
404,17,豇豆,水浇地,第一季,3000.0,8.0,2400.0,36480.0,D7,22.0,1,6.6,0.0,2023,0.0,0.0,0.0,0.0
405,17,豇豆,水浇地,第一季,3000.0,8.0,2400.0,36480.0,D8,20.0,1,6.0,0.0,2023,0.0,0.0,0.0,0.0
406,17,豇豆,普通大棚,第一季,3600.0,8.0,2400.0,36480.0,E1,0.6,1,0.18,0.0,2023,0.0,0.0,0.0,0.0
407,17,豇豆,普通大棚,第一季,3600.0,8.0,2400.0,36480.0,E2,0.6,1,0.18,0.0,2023,0.0,0.0,0.0,0.0
408,17,豇豆,普通大棚,第一季,3600.0,8.0,2400.0,36480.0,E3,0.6,1,0.18,0.0,2023,0.0,0.0,0.0,0.0
409,17,豇豆,普通大棚,第一季,3600.0,8.0,2400.0,36480.0,E4,0.6,1,0.18,0.0,2023,0.0,0.0,0.0,0.0
410,17,豇豆,普通大棚,第一季,3600.0,8.0,2400.0,36480.0,E5,0.6,1,0.18,0.0,2023,0.0,0.0,0.0,0.0
411,17,豇豆,普通大棚,第一季,3600.0,8.0,2400.0,36480.0,E6,0.6,1,0.18,0.0,2023,0.0,0.0,0.0,0.0
412,17,豇豆,普通大棚,第一季,3600.0,8.0,2400.0,36480.0,E7,0.6,1,0.18,0.0,2023,0.0,0.0,0.0,0.0
413,17,豇豆,普通大棚,第一季,3600.0,8.0,2400.0,36480.0,E8,0.6,1,0.18,0.0,2023,0.0,0.0,0.0,0.0
414,17,豇豆,普通大棚,第一季,3600.0,8.0,2400.0,36480.0,E9,0.6,1,0.18,0.0,2023,0.0,0.0,0.0,0.0
415,17,豇豆,普通大棚,第一季,3600.0,8.0,2400.0,36480.0,E10,0.6,1,0.6,1.0,2023,2160.0,0.6,1440.0,1.0
416,17,豇豆,普通大棚,第一季,3600.0,8.0,2400.0,36480.0,E11,0.6,1,0.6,1.0,2023,2160.0,0.6,1440.0,1.0
417,17,豇豆,普通大棚,第一季,3600.0,8.0,2400.0,36480.0,E12,0.6,1,0.18,0.0,2023,0.0,0.0,0.0,0.0
418,17,豇豆,普通大棚,第一季,3600.0,8.0,2400.0,36480.0,E13,0.6,1,0.18,0.0,2023,0.0,0.0,0.0,0.0
419,17,豇豆,普通大棚,第一季,3600.0,8.0,2400.0,36480.0,E14,0.6,1,0.18,0.0,2023,0.0,0.0,0.0,0.0
420,17,豇豆,普通大棚,第一季,3600.0,8.0,2400.0,36480.0,E15,0.6,1,0.18,0.0,2023,0.0,0.0,0.0,0.0
421,17,豇豆,普通大棚,第一季,3600.0,8.0,2400.0,36480.0,E16,0.6,1,0.18,0.0,2023,0.0,0.0,0.0,0.0
422,17,豇豆,智慧大棚,第一季,3600.0,8.0,2400.0,36480.0,F1,0.6,1,0.18,0.0,2023,0.0,0.0,0.0,0.0
423,17,豇豆,智慧大棚,第一季,3600.0,8.0,2400.0,36480.0,F2,0.6,1,0.18,0.0,2023,0.0,0.0,0.0,0.0
424,17,豇豆,智慧大棚,第一季,3600.0,8.0,2400.0,36480.0,F3,0.6,1,0.6,1.0,2023,2160.0,0.6,1440.0,1.0
425,17,豇豆,智慧大棚,第一季,3600.0,8.0,2400.0,36480.0,F4,0.6,1,0.18,0.0,2023,0.0,0.0,0.0,0.0
426,18,刀豆,水浇地,第一季,2000.0,6.75,1200.0,26880.0,D1,15.0,1,4.5,0.0,2023,0.0,0.0,0.0,0.0
427,18,刀豆,水浇地,第一季,2000.0,6.75,1200.0,26880.0,D2,10.0,1,3.0,0.0,2023,0.0,0.0,0.0,0.0
428,18,刀豆,水浇地,第一季,2000.0,6.75,1200.0,26880.0,D3,14.0,1,4.2,0.0,2023,0.0,0.0,0.0,0.0
429,18,刀豆,水浇地,第一季,2000.0,6.75,1200.0,26880.0,D4,6.0,1,1.7999999999999998,0.0,2023,0.0,0.0,0.0,0.0
430,18,刀豆,水浇地,第一季,2000.0,6.75,1200.0,26880.0,D5,10.0,1,3.0,0.0,2023,0.0,0.0,0.0,0.0
431,18,刀豆,水浇地,第一季,2000.0,6.75,1200.0,26880.0,D6,12.0,1,12.0,1.0,2023,24000.0,12.0,14400.0,1.0
432,18,刀豆,水浇地,第一季,2000.0,6.75,1200.0,26880.0,D7,22.0,1,6.6,0.0,2023,0.0,0.0,0.0,0.0
433,18,刀豆,水浇地,第一季,2000.0,6.75,1200.0,26880.0,D8,20.0,1,6.0,0.0,2023,0.0,0.0,0.0,0.0
434,18,刀豆,普通大棚,第一季,2400.0,6.75,1200.0,26880.0,E1,0.6,1,0.6,1.0,2023,1440.0,0.6,720.0,1.0
435,18,刀豆,普通大棚,第一季,2400.0,6.75,1200.0,26880.0,E2,0.6,1,0.18,0.0,2023,0.0,0.0,0.0,0.0
436,18,刀豆,普通大棚,第一季,2400.0,6.75,1200.0,26880.0,E3,0.6,1,0.18,0.0,2023,0.0,0.0,0.0,0.0
437,18,刀豆,普通大棚,第一季,2400.0,6.75,1200.0,26880.0,E4,0.6,1,0.18,0.0,2023,0.0,0.0,0.0,0.0
438,18,刀豆,普通大棚,第一季,2400.0,6.75,1200.0,26880.0,E5,0.6,1,0.18,0.0,2023,0.0,0.0,0.0,0.0
439,18,刀豆,普通大棚,第一季,2400.0,6.75,1200.0,26880.0,E6,0.6,1,0.18,0.0,2023,0.0,0.0,0.0,0.0
440,18,刀豆,普通大棚,第一季,2400.0,6.75,1200.0,26880.0,E7,0.6,1,0.18,0.0,2023,0.0,0.0,0.0,0.0
441,18,刀豆,普通大棚,第一季,2400.0,6.75,1200.0,26880.0,E8,0.6,1,0.18,0.0,2023,0.0,0.0,0.0,0.0
442,18,刀豆,普通大棚,第一季,2400.0,6.75,1200.0,26880.0,E9,0.6,1,0.6,1.0,2023,1440.0,0.6,720.0,1.0
443,18,刀豆,普通大棚,第一季,2400.0,6.75,1200.0,26880.0,E10,0.6,1,0.18,0.0,2023,0.0,0.0,0.0,0.0
444,18,刀豆,普通大棚,第一季,2400.0,6.75,1200.0,26880.0,E11,0.6,1,0.18,0.0,2023,0.0,0.0,0.0,0.0
445,18,刀豆,普通大棚,第一季,2400.0,6.75,1200.0,26880.0,E12,0.6,1,0.18,0.0,2023,0.0,0.0,0.0,0.0
446,18,刀豆,普通大棚,第一季,2400.0,6.75,1200.0,26880.0,E13,0.6,1,0.18,0.0,2023,0.0,0.0,0.0,0.0
447,18,刀豆,普通大棚,第一季,2400.0,6.75,1200.0,26880.0,E14,0.6,1,0.18,0.0,2023,0.0,0.0,0.0,0.0
448,18,刀豆,普通大棚,第一季,2400.0,6.75,1200.0,26880.0,E15,0.6,1,0.18,0.0,2023,0.0,0.0,0.0,0.0
449,18,刀豆,普通大棚,第一季,2400.0,6.75,1200.0,26880.0,E16,0.6,1,0.18,0.0,2023,0.0,0.0,0.0,0.0
450,18,刀豆,智慧大棚,第一季,2400.0,6.75,1200.0,26880.0,F1,0.6,1,0.18,0.0,2023,0.0,0.0,0.0,0.0
451,18,刀豆,智慧大棚,第一季,2400.0,6.75,1200.0,26880.0,F2,0.6,1,0.18,0.0,2023,0.0,0.0,0.0,0.0
452,18,刀豆,智慧大棚,第一季,2400.0,6.75,1200.0,26880.0,F3,0.6,1,0.18,0.0,2023,0.0,0.0,0.0,0.0
453,18,刀豆,智慧大棚,第一季,2400.0,6.75,1200.0,26880.0,F4,0.6,1,0.18,0.0,2023,0.0,0.0,0.0,0.0
454,19,芸豆,水浇地,第一季,3000.0,6.5,2400.0,6480.0,D1,15.0,1,4.5,0.0,2023,0.0,0.0,0.0,0.0
455,19,芸豆,水浇地,第一季,3000.0,6.5,2400.0,6480.0,D2,10.0,1,3.0,0.0,2023,0.0,0.0,0.0,0.0
456,19,芸豆,水浇地,第一季,3000.0,6.5,2400.0,6480.0,D3,14.0,1,4.2,0.0,2023,0.0,0.0,0.0,0.0
457,19,芸豆,水浇地,第一季,3000.0,6.5,2400.0,6480.0,D4,6.0,1,1.7999999999999998,0.0,2023,0.0,0.0,0.0,0.0
458,19,芸豆,水浇地,第一季,3000.0,6.5,2400.0,6480.0,D5,10.0,1,3.0,0.0,2023,0.0,0.0,0.0,0.0
459,19,芸豆,水浇地,第一季,3000.0,6.5,2400.0,6480.0,D6,12.0,1,3.6,0.0,2023,0.0,0.0,0.0,0.0
460,19,芸豆,水浇地,第一季,3000.0,6.5,2400.0,6480.0,D7,22.0,1,6.6,0.0,2023,0.0,0.0,0.0,0.0
461,19,芸豆,水浇地,第一季,3000.0,6.5,2400.0,6480.0,D8,20.0,1,6.0,0.0,2023,0.0,0.0,0.0,0.0
462,19,芸豆,普通大棚,第一季,3600.0,6.5,2400.0,6480.0,E1,0.6,1,0.18,0.0,2023,0.0,0.0,0.0,0.0
463,19,芸豆,普通大棚,第一季,3600.0,6.5,2400.0,6480.0,E2,0.6,1,0.18,0.0,2023,0.0,0.0,0.0,0.0
464,19,芸豆,普通大棚,第一季,3600.0,6.5,2400.0,6480.0,E3,0.6,1,0.18,0.0,2023,0.0,0.0,0.0,0.0
465,19,芸豆,普通大棚,第一季,3600.0,6.5,2400.0,6480.0,E4,0.6,1,0.18,0.0,2023,0.0,0.0,0.0,0.0
466,19,芸豆,普通大棚,第一季,3600.0,6.5,2400.0,6480.0,E5,0.6,1,0.18,0.0,2023,0.0,0.0,0.0,0.0
467,19,芸豆,普通大棚,第一季,3600.0,6.5,2400.0,6480.0,E6,0.6,1,0.18,0.0,2023,0.0,0.0,0.0,0.0
468,19,芸豆,普通大棚,第一季,3600.0,6.5,2400.0,6480.0,E7,0.6,1,0.6,1.0,2023,2160.0,0.6,1440.0,1.0
469,19,芸豆,普通大棚,第一季,3600.0,6.5,2400.0,6480.0,E8,0.6,1,0.6,1.0,2023,2160.0,0.6,1440.0,1.0
470,19,芸豆,普通大棚,第一季,3600.0,6.5,2400.0,6480.0,E9,0.6,1,0.18,0.0,2023,0.0,0.0,0.0,0.0
471,19,芸豆,普通大棚,第一季,3600.0,6.5,2400.0,6480.0,E10,0.6,1,0.18,0.0,2023,0.0,0.0,0.0,0.0
472,19,芸豆,普通大棚,第一季,3600.0,6.5,2400.0,6480.0,E11,0.6,1,0.18,0.0,2023,0.0,0.0,0.0,0.0
473,19,芸豆,普通大棚,第一季,3600.0,6.5,2400.0,6480.0,E12,0.6,1,0.18,0.0,2023,0.0,0.0,0.0,0.0
474,19,芸豆,普通大棚,第一季,3600.0,6.5,2400.0,6480.0,E13,0.6,1,0.18,0.0,2023,0.0,0.0,0.0,0.0
475,19,芸豆,普通大棚,第一季,3600.0,6.5,2400.0,6480.0,E14,0.6,1,0.18,0.0,2023,0.0,0.0,0.0,0.0
476,19,芸豆,普通大棚,第一季,3600.0,6.5,2400.0,6480.0,E15,0.6,1,0.18,0.0,2023,0.0,0.0,0.0,0.0
477,19,芸豆,普通大棚,第一季,3600.0,6.5,2400.0,6480.0,E16,0.6,1,0.18,0.0,2023,0.0,0.0,0.0,0.0
478,19,芸豆,智慧大棚,第一季,3600.0,6.5,2400.0,6480.0,F1,0.6,1,0.18,0.0,2023,0.0,0.0,0.0,0.0
479,19,芸豆,智慧大棚,第一季,3600.0,6.5,2400.0,6480.0,F2,0.6,1,0.18,0.0,2023,0.0,0.0,0.0,0.0
480,19,芸豆,智慧大棚,第一季,3600.0,6.5,2400.0,6480.0,F3,0.6,1,0.18,0.0,2023,0.0,0.0,0.0,0.0
481,19,芸豆,智慧大棚,第一季,3600.0,6.5,2400.0,6480.0,F4,0.6,1,0.6,1.0,2023,2160.0,0.6,1440.0,1.0
482,20,土豆,水浇地,第一季,2000.0,3.75,2000.0,30000.0,D1,15.0,1,15.0,1.0,2023,30000.0,15.0,30000.0,1.0
483,20,土豆,水浇地,第一季,2000.0,3.75,2000.0,30000.0,D2,10.0,1,3.0,0.0,2023,0.0,0.0,0.0,0.0
484,20,土豆,水浇地,第一季,2000.0,3.75,2000.0,30000.0,D3,14.0,1,4.2,0.0,2023,0.0,0.0,0.0,0.0
485,20,土豆,水浇地,第一季,2000.0,3.75,2000.0,30000.0,D4,6.0,1,1.7999999999999998,0.0,2023,0.0,0.0,0.0,0.0
486,20,土豆,水浇地,第一季,2000.0,3.75,2000.0,30000.0,D5,10.0,1,3.0,0.0,2023,0.0,0.0,0.0,0.0
487,20,土豆,水浇地,第一季,2000.0,3.75,2000.0,30000.0,D6,12.0,1,3.6,0.0,2023,0.0,0.0,0.0,0.0
488,20,土豆,水浇地,第一季,2000.0,3.75,2000.0,30000.0,D7,22.0,1,6.6,0.0,2023,0.0,0.0,0.0,0.0
489,20,土豆,水浇地,第一季,2000.0,3.75,2000.0,30000.0,D8,20.0,1,6.0,0.0,2023,0.0,0.0,0.0,0.0
490,20,土豆,普通大棚,第一季,2400.0,3.75,2000.0,30000.0,E1,0.6,1,0.18,0.0,2023,0.0,0.0,0.0,0.0
491,20,土豆,普通大棚,第一季,2400.0,3.75,2000.0,30000.0,E2,0.6,1,0.18,0.0,2023,0.0,0.0,0.0,0.0
492,20,土豆,普通大棚,第一季,2400.0,3.75,2000.0,30000.0,E3,0.6,1,0.18,0.0,2023,0.0,0.0,0.0,0.0
493,20,土豆,普通大棚,第一季,2400.0,3.75,2000.0,30000.0,E4,0.6,1,0.18,0.0,2023,0.0,0.0,0.0,0.0
494,20,土豆,普通大棚,第一季,2400.0,3.75,2000.0,30000.0,E5,0.6,1,0.18,0.0,2023,0.0,0.0,0.0,0.0
495,20,土豆,普通大棚,第一季,2400.0,3.75,2000.0,30000.0,E6,0.6,1,0.18,0.0,2023,0.0,0.0,0.0,0.0
496,20,土豆,普通大棚,第一季,2400.0,3.75,2000.0,30000.0,E7,0.6,1,0.18,0.0,2023,0.0,0.0,0.0,0.0
497,20,土豆,普通大棚,第一季,2400.0,3.75,2000.0,30000.0,E8,0.6,1,0.18,0.0,2023,0.0,0.0,0.0,0.0
498,20,土豆,普通大棚,第一季,2400.0,3.75,2000.0,30000.0,E9,0.6,1,0.18,0.0,2023,0.0,0.0,0.0,0.0
499,20,土豆,普通大棚,第一季,2400.0,3.75,2000.0,30000.0,E10,0.6,1,0.18,0.0,2023,0.0,0.0,0.0,0.0
500,20,土豆,普通大棚,第一季,2400.0,3.75,2000.0,30000.0,E11,0.6,1,0.18,0.0,2023,0.0,0.0,0.0,0.0
501,20,土豆,普通大棚,第一季,2400.0,3.75,2000.0,30000.0,E12,0.6,1,0.18,0.0,2023,0.0,0.0,0.0,0.0
502,20,土豆,普通大棚,第一季,2400.0,3.75,2000.0,30000.0,E13,0.6,1,0.18,1.0,2023,432.0,0.18,360.0,1.0
503,20,土豆,普通大棚,第一季,2400.0,3.75,2000.0,30000.0,E14,0.6,1,0.18,0.0,2023,0.0,0.0,0.0,0.0
504,20,土豆,普通大棚,第一季,2400.0,3.75,2000.0,30000.0,E15,0.6,1,0.18,0.0,2023,0.0,0.0,0.0,0.0
505,20,土豆,普通大棚,第一季,2400.0,3.75,2000.0,30000.0,E16,0.6,1,0.18,1.0,2023,432.0,0.18,360.0,1.0
506,20,土豆,智慧大棚,第一季,2400.0,3.75,2000.0,30000.0,F1,0.6,1,0.18,0.0,2023,0.0,0.0,0.0,0.0
507,20,土豆,智慧大棚,第一季,2400.0,3.75,2000.0,30000.0,F2,0.6,1,0.18,0.0,2023,0.0,0.0,0.0,0.0
508,20,土豆,智慧大棚,第一季,2400.0,3.75,2000.0,30000.0,F3,0.6,1,0.18,0.0,2023,0.0,0.0,0.0,0.0
509,20,土豆,智慧大棚,第一季,2400.0,3.75,2000.0,30000.0,F4,0.6,1,0.18,0.0,2023,0.0,0.0,0.0,0.0
510,21,西红柿,水浇地,第一季,2400.0,6.25,2400.0,35400.0,D1,15.0,0,4.5,0.0,2023,0.0,0.0,0.0,0.0
511,21,西红柿,水浇地,第一季,2400.0,6.25,2400.0,35400.0,D2,10.0,0,3.0,0.0,2023,0.0,0.0,0.0,0.0
512,21,西红柿,水浇地,第一季,2400.0,6.25,2400.0,35400.0,D3,14.0,0,14.0,1.0,2023,33600.0,14.0,33600.0,0.0
513,21,西红柿,水浇地,第一季,2400.0,6.25,2400.0,35400.0,D4,6.0,0,1.7999999999999998,0.0,2023,0.0,0.0,0.0,0.0
514,21,西红柿,水浇地,第一季,2400.0,6.25,2400.0,35400.0,D5,10.0,0,3.0,0.0,2023,0.0,0.0,0.0,0.0
515,21,西红柿,水浇地,第一季,2400.0,6.25,2400.0,35400.0,D6,12.0,0,3.6,0.0,2023,0.0,0.0,0.0,0.0
516,21,西红柿,水浇地,第一季,2400.0,6.25,2400.0,35400.0,D7,22.0,0,6.6,0.0,2023,0.0,0.0,0.0,0.0
517,21,西红柿,水浇地,第一季,2400.0,6.25,2400.0,35400.0,D8,20.0,0,6.0,0.0,2023,0.0,0.0,0.0,0.0
518,21,西红柿,普通大棚,第一季,3000.0,6.25,2400.0,35400.0,E1,0.6,0,0.18,0.0,2023,0.0,0.0,0.0,0.0
519,21,西红柿,普通大棚,第一季,3000.0,6.25,2400.0,35400.0,E2,0.6,0,0.18,0.0,2023,0.0,0.0,0.0,0.0
520,21,西红柿,普通大棚,第一季,3000.0,6.25,2400.0,35400.0,E3,0.6,0,0.18,0.0,2023,0.0,0.0,0.0,0.0
521,21,西红柿,普通大棚,第一季,3000.0,6.25,2400.0,35400.0,E4,0.6,0,0.18,0.0,2023,0.0,0.0,0.0,0.0
522,21,西红柿,普通大棚,第一季,3000.0,6.25,2400.0,35400.0,E5,0.6,0,0.18,0.0,2023,0.0,0.0,0.0,0.0
523,21,西红柿,普通大棚,第一季,3000.0,6.25,2400.0,35400.0,E6,0.6,0,0.18,0.0,2023,0.0,0.0,0.0,0.0
524,21,西红柿,普通大棚,第一季,3000.0,6.25,2400.0,35400.0,E7,0.6,0,0.18,0.0,2023,0.0,0.0,0.0,0.0
525,21,西红柿,普通大棚,第一季,3000.0,6.25,2400.0,35400.0,E8,0.6,0,0.18,0.0,2023,0.0,0.0,0.0,0.0
526,21,西红柿,普通大棚,第一季,3000.0,6.25,2400.0,35400.0,E9,0.6,0,0.18,0.0,2023,0.0,0.0,0.0,0.0
527,21,西红柿,普通大棚,第一季,3000.0,6.25,2400.0,35400.0,E10,0.6,0,0.18,0.0,2023,0.0,0.0,0.0,0.0
528,21,西红柿,普通大棚,第一季,3000.0,6.25,2400.0,35400.0,E11,0.6,0,0.18,0.0,2023,0.0,0.0,0.0,0.0
529,21,西红柿,普通大棚,第一季,3000.0,6.25,2400.0,35400.0,E12,0.6,0,0.18,0.0,2023,0.0,0.0,0.0,0.0
530,21,西红柿,普通大棚,第一季,3000.0,6.25,2400.0,35400.0,E13,0.6,0,0.6,1.0,2023,1800.0,0.6,1440.0,0.0
531,21,西红柿,普通大棚,第一季,3000.0,6.25,2400.0,35400.0,E14,0.6,0,0.18,0.0,2023,0.0,0.0,0.0,0.0
532,21,西红柿,普通大棚,第一季,3000.0,6.25,2400.0,35400.0,E15,0.6,0,0.18,0.0,2023,0.0,0.0,0.0,0.0
533,21,西红柿,普通大棚,第一季,3000.0,6.25,2400.0,35400.0,E16,0.6,0,0.18,0.0,2023,0.0,0.0,0.0,0.0
534,21,西红柿,智慧大棚,第一季,3000.0,6.25,2400.0,35400.0,F1,0.6,0,0.18,0.0,2023,0.0,0.0,0.0,0.0
535,21,西红柿,智慧大棚,第一季,3000.0,6.25,2400.0,35400.0,F2,0.6,0,0.18,0.0,2023,0.0,0.0,0.0,0.0
536,21,西红柿,智慧大棚,第一季,3000.0,6.25,2400.0,35400.0,F3,0.6,0,0.18,0.0,2023,0.0,0.0,0.0,0.0
537,21,西红柿,智慧大棚,第一季,3000.0,6.25,2400.0,35400.0,F4,0.6,0,0.18,0.0,2023,0.0,0.0,0.0,0.0
538,21,西红柿,智慧大棚,第二季,2700.0,7.5,2640.0,810.0,F1,0.6,0,0.3,1.0,2023,810.0,0.3,792.0,0.0
539,21,西红柿,智慧大棚,第二季,2700.0,7.5,2640.0,810.0,F2,0.6,0,0.18,0.0,2023,0.0,0.0,0.0,0.0
540,21,西红柿,智慧大棚,第二季,2700.0,7.5,2640.0,810.0,F3,0.6,0,0.18,0.0,2023,0.0,0.0,0.0,0.0
541,21,西红柿,智慧大棚,第二季,2700.0,7.5,2640.0,810.0,F4,0.6,0,0.18,0.0,2023,0.0,0.0,0.0,0.0
542,22,茄子,水浇地,第一季,6400.0,5.5,2400.0,43200.0,D1,15.0,0,4.5,0.0,2023,0.0,0.0,0.0,0.0
543,22,茄子,水浇地,第一季,6400.0,5.5,2400.0,43200.0,D2,10.0,0,3.0,0.0,2023,0.0,0.0,0.0,0.0
544,22,茄子,水浇地,第一季,6400.0,5.5,2400.0,43200.0,D3,14.0,0,4.2,0.0,2023,0.0,0.0,0.0,0.0
545,22,茄子,水浇地,第一季,6400.0,5.5,2400.0,43200.0,D4,6.0,0,6.0,1.0,2023,38400.0,6.0,14400.0,0.0
546,22,茄子,水浇地,第一季,6400.0,5.5,2400.0,43200.0,D5,10.0,0,3.0,0.0,2023,0.0,0.0,0.0,0.0
547,22,茄子,水浇地,第一季,6400.0,5.5,2400.0,43200.0,D6,12.0,0,3.6,0.0,2023,0.0,0.0,0.0,0.0
548,22,茄子,水浇地,第一季,6400.0,5.5,2400.0,43200.0,D7,22.0,0,6.6,0.0,2023,0.0,0.0,0.0,0.0
549,22,茄子,水浇地,第一季,6400.0,5.5,2400.0,43200.0,D8,20.0,0,6.0,0.0,2023,0.0,0.0,0.0,0.0
550,22,茄子,普通大棚,第一季,8000.0,5.5,2400.0,43200.0,E1,0.6,0,0.18,0.0,2023,0.0,0.0,0.0,0.0
551,22,茄子,普通大棚,第一季,8000.0,5.5,2400.0,43200.0,E2,0.6,0,0.18,0.0,2023,0.0,0.0,0.0,0.0
552,22,茄子,普通大棚,第一季,8000.0,5.5,2400.0,43200.0,E3,0.6,0,0.18,0.0,2023,0.0,0.0,0.0,0.0
553,22,茄子,普通大棚,第一季,8000.0,5.5,2400.0,43200.0,E4,0.6,0,0.18,0.0,2023,0.0,0.0,0.0,0.0
554,22,茄子,普通大棚,第一季,8000.0,5.5,2400.0,43200.0,E5,0.6,0,0.18,0.0,2023,0.0,0.0,0.0,0.0
555,22,茄子,普通大棚,第一季,8000.0,5.5,2400.0,43200.0,E6,0.6,0,0.18,0.0,2023,0.0,0.0,0.0,0.0
556,22,茄子,普通大棚,第一季,8000.0,5.5,2400.0,43200.0,E7,0.6,0,0.18,0.0,2023,0.0,0.0,0.0,0.0
557,22,茄子,普通大棚,第一季,8000.0,5.5,2400.0,43200.0,E8,0.6,0,0.18,0.0,2023,0.0,0.0,0.0,0.0
558,22,茄子,普通大棚,第一季,8000.0,5.5,2400.0,43200.0,E9,0.6,0,0.18,0.0,2023,0.0,0.0,0.0,0.0
559,22,茄子,普通大棚,第一季,8000.0,5.5,2400.0,43200.0,E10,0.6,0,0.18,0.0,2023,0.0,0.0,0.0,0.0
560,22,茄子,普通大棚,第一季,8000.0,5.5,2400.0,43200.0,E11,0.6,0,0.18,0.0,2023,0.0,0.0,0.0,0.0
561,22,茄子,普通大棚,第一季,8000.0,5.5,2400.0,43200.0,E12,0.6,0,0.6,1.0,2023,4800.0,0.6,1440.0,0.0
562,22,茄子,普通大棚,第一季,8000.0,5.5,2400.0,43200.0,E13,0.6,0,0.18,0.0,2023,0.0,0.0,0.0,0.0
563,22,茄子,普通大棚,第一季,8000.0,5.5,2400.0,43200.0,E14,0.6,0,0.18,0.0,2023,0.0,0.0,0.0,0.0
564,22,茄子,普通大棚,第一季,8000.0,5.5,2400.0,43200.0,E15,0.6,0,0.18,0.0,2023,0.0,0.0,0.0,0.0
565,22,茄子,普通大棚,第一季,8000.0,5.5,2400.0,43200.0,E16,0.6,0,0.18,0.0,2023,0.0,0.0,0.0,0.0
566,22,茄子,智慧大棚,第一季,8000.0,5.5,2400.0,43200.0,F1,0.6,0,0.18,0.0,2023,0.0,0.0,0.0,0.0
567,22,茄子,智慧大棚,第一季,8000.0,5.5,2400.0,43200.0,F2,0.6,0,0.18,0.0,2023,0.0,0.0,0.0,0.0
568,22,茄子,智慧大棚,第一季,8000.0,5.5,2400.0,43200.0,F3,0.6,0,0.18,0.0,2023,0.0,0.0,0.0,0.0
569,22,茄子,智慧大棚,第一季,8000.0,5.5,2400.0,43200.0,F4,0.6,0,0.18,0.0,2023,0.0,0.0,0.0,0.0
570,22,茄子,智慧大棚,第二季,7200.0,6.6,2640.0,2160.0,F1,0.6,0,0.18,0.0,2023,0.0,0.0,0.0,0.0
571,22,茄子,智慧大棚,第二季,7200.0,6.6,2640.0,2160.0,F2,0.6,0,0.3,1.0,2023,2160.0,0.3,792.0,0.0
572,22,茄子,智慧大棚,第二季,7200.0,6.6,2640.0,2160.0,F3,0.6,0,0.18,0.0,2023,0.0,0.0,0.0,0.0
573,22,茄子,智慧大棚,第二季,7200.0,6.6,2640.0,2160.0,F4,0.6,0,0.18,0.0,2023,0.0,0.0,0.0,0.0
574,23,菠菜,智慧大棚,第二季,3000.0,6.9,3000.0,900.0,F1,0.6,0,0.18,0.0,2023,0.0,0.0,0.0,0.0
575,23,菠菜,智慧大棚,第二季,3000.0,6.9,3000.0,900.0,F2,0.6,0,0.18,0.0,2023,0.0,0.0,0.0,0.0
576,23,菠菜,智慧大棚,第二季,3000.0,6.9,3000.0,900.0,F3,0.6,0,0.18,0.0,2023,0.0,0.0,0.0,0.0
577,23,菠菜,智慧大棚,第二季,3000.0,6.9,3000.0,900.0,F4,0.6,0,0.3,1.0,2023,900.0,0.3,900.0,0.0
578,24,青椒,水浇地,第一季,2400.0,5.25,2000.0,1800.0,D1,15.0,0,4.5,0.0,2023,0.0,0.0,0.0,0.0
579,24,青椒,水浇地,第一季,2400.0,5.25,2000.0,1800.0,D2,10.0,0,3.0,0.0,2023,0.0,0.0,0.0,0.0
580,24,青椒,水浇地,第一季,2400.0,5.25,2000.0,1800.0,D3,14.0,0,4.2,0.0,2023,0.0,0.0,0.0,0.0
581,24,青椒,水浇地,第一季,2400.0,5.25,2000.0,1800.0,D4,6.0,0,1.7999999999999998,0.0,2023,0.0,0.0,0.0,0.0
582,24,青椒,水浇地,第一季,2400.0,5.25,2000.0,1800.0,D5,10.0,0,3.0,0.0,2023,0.0,0.0,0.0,0.0
583,24,青椒,水浇地,第一季,2400.0,5.25,2000.0,1800.0,D6,12.0,0,3.6,0.0,2023,0.0,0.0,0.0,0.0
584,24,青椒,水浇地,第一季,2400.0,5.25,2000.0,1800.0,D7,22.0,0,6.6,0.0,2023,0.0,0.0,0.0,0.0
585,24,青椒,水浇地,第一季,2400.0,5.25,2000.0,1800.0,D8,20.0,0,6.0,0.0,2023,0.0,0.0,0.0,0.0
586,24,青椒,普通大棚,第一季,3000.0,5.25,2000.0,1800.0,E1,0.6,0,0.18,0.0,2023,0.0,0.0,0.0,0.0
587,24,青椒,普通大棚,第一季,3000.0,5.25,2000.0,1800.0,E2,0.6,0,0.6,1.0,2023,1800.0,0.6,1200.0,0.0
588,24,青椒,普通大棚,第一季,3000.0,5.25,2000.0,1800.0,E3,0.6,0,0.18,0.0,2023,0.0,0.0,0.0,0.0
589,24,青椒,普通大棚,第一季,3000.0,5.25,2000.0,1800.0,E4,0.6,0,0.18,0.0,2023,0.0,0.0,0.0,0.0
590,24,青椒,普通大棚,第一季,3000.0,5.25,2000.0,1800.0,E5,0.6,0,0.18,0.0,2023,0.0,0.0,0.0,0.0
591,24,青椒,普通大棚,第一季,3000.0,5.25,2000.0,1800.0,E6,0.6,0,0.18,0.0,2023,0.0,0.0,0.0,0.0
592,24,青椒,普通大棚,第一季,3000.0,5.25,2000.0,1800.0,E7,0.6,0,0.18,0.0,2023,0.0,0.0,0.0,0.0
593,24,青椒,普通大棚,第一季,3000.0,5.25,2000.0,1800.0,E8,0.6,0,0.18,0.0,2023,0.0,0.0,0.0,0.0
594,24,青椒,普通大棚,第一季,3000.0,5.25,2000.0,1800.0,E9,0.6,0,0.18,0.0,2023,0.0,0.0,0.0,0.0
595,24,青椒,普通大棚,第一季,3000.0,5.25,2000.0,1800.0,E10,0.6,0,0.18,0.0,2023,0.0,0.0,0.0,0.0
596,24,青椒,普通大棚,第一季,3000.0,5.25,2000.0,1800.0,E11,0.6,0,0.18,0.0,2023,0.0,0.0,0.0,0.0
597,24,青椒,普通大棚,第一季,3000.0,5.25,2000.0,1800.0,E12,0.6,0,0.18,0.0,2023,0.0,0.0,0.0,0.0
598,24,青椒,普通大棚,第一季,3000.0,5.25,2000.0,1800.0,E13,0.6,0,0.18,0.0,2023,0.0,0.0,0.0,0.0
599,24,青椒,普通大棚,第一季,3000.0,5.25,2000.0,1800.0,E14,0.6,0,0.18,0.0,2023,0.0,0.0,0.0,0.0
600,24,青椒,普通大棚,第一季,3000.0,5.25,2000.0,1800.0,E15,0.6,0,0.18,0.0,2023,0.0,0.0,0.0,0.0
601,24,青椒,普通大棚,第一季,3000.0,5.25,2000.0,1800.0,E16,0.6,0,0.18,0.0,2023,0.0,0.0,0.0,0.0
602,24,青椒,智慧大棚,第一季,3000.0,5.25,2000.0,1800.0,F1,0.6,0,0.18,0.0,2023,0.0,0.0,0.0,0.0
603,24,青椒,智慧大棚,第一季,3000.0,5.25,2000.0,1800.0,F2,0.6,0,0.18,0.0,2023,0.0,0.0,0.0,0.0
604,24,青椒,智慧大棚,第一季,3000.0,5.25,2000.0,1800.0,F3,0.6,0,0.18,0.0,2023,0.0,0.0,0.0,0.0
605,24,青椒,智慧大棚,第一季,3000.0,5.25,2000.0,1800.0,F4,0.6,0,0.18,0.0,2023,0.0,0.0,0.0,0.0
606,24,青椒,智慧大棚,第二季,2700.0,6.8,2200.0,810.0,F1,0.6,0,0.3,1.0,2023,810.0,0.3,660.0,0.0
607,24,青椒,智慧大棚,第二季,2700.0,6.8,2200.0,810.0,F2,0.6,0,0.18,0.0,2023,0.0,0.0,0.0,0.0
608,24,青椒,智慧大棚,第二季,2700.0,6.8,2200.0,810.0,F3,0.6,0,0.18,0.0,2023,0.0,0.0,0.0,0.0
609,24,青椒,智慧大棚,第二季,2700.0,6.8,2200.0,810.0,F4,0.6,0,0.18,0.0,2023,0.0,0.0,0.0,0.0
610,25,菜花,水浇地,第一季,3300.0,5.5,3000.0,3600.0,D1,15.0,0,4.5,0.0,2023,0.0,0.0,0.0,0.0
611,25,菜花,水浇地,第一季,3300.0,5.5,3000.0,3600.0,D2,10.0,0,3.0,0.0,2023,0.0,0.0,0.0,0.0
612,25,菜花,水浇地,第一季,3300.0,5.5,3000.0,3600.0,D3,14.0,0,4.2,0.0,2023,0.0,0.0,0.0,0.0
613,25,菜花,水浇地,第一季,3300.0,5.5,3000.0,3600.0,D4,6.0,0,1.7999999999999998,0.0,2023,0.0,0.0,0.0,0.0
614,25,菜花,水浇地,第一季,3300.0,5.5,3000.0,3600.0,D5,10.0,0,3.0,0.0,2023,0.0,0.0,0.0,0.0
615,25,菜花,水浇地,第一季,3300.0,5.5,3000.0,3600.0,D6,12.0,0,3.6,0.0,2023,0.0,0.0,0.0,0.0
616,25,菜花,水浇地,第一季,3300.0,5.5,3000.0,3600.0,D7,22.0,0,6.6,0.0,2023,0.0,0.0,0.0,0.0
617,25,菜花,水浇地,第一季,3300.0,5.5,3000.0,3600.0,D8,20.0,0,6.0,0.0,2023,0.0,0.0,0.0,0.0
618,25,菜花,普通大棚,第一季,4000.0,5.5,3000.0,3600.0,E1,0.6,0,0.18,0.0,2023,0.0,0.0,0.0,0.0
619,25,菜花,普通大棚,第一季,4000.0,5.5,3000.0,3600.0,E2,0.6,0,0.18,0.0,2023,0.0,0.0,0.0,0.0
620,25,菜花,普通大棚,第一季,4000.0,5.5,3000.0,3600.0,E3,0.6,0,0.6,1.0,2023,2400.0,0.6,1800.0,0.0
621,25,菜花,普通大棚,第一季,4000.0,5.5,3000.0,3600.0,E4,0.6,0,0.18,0.0,2023,0.0,0.0,0.0,0.0
622,25,菜花,普通大棚,第一季,4000.0,5.5,3000.0,3600.0,E5,0.6,0,0.18,0.0,2023,0.0,0.0,0.0,0.0
623,25,菜花,普通大棚,第一季,4000.0,5.5,3000.0,3600.0,E6,0.6,0,0.18,0.0,2023,0.0,0.0,0.0,0.0
624,25,菜花,普通大棚,第一季,4000.0,5.5,3000.0,3600.0,E7,0.6,0,0.18,0.0,2023,0.0,0.0,0.0,0.0
625,25,菜花,普通大棚,第一季,4000.0,5.5,3000.0,3600.0,E8,0.6,0,0.18,0.0,2023,0.0,0.0,0.0,0.0
626,25,菜花,普通大棚,第一季,4000.0,5.5,3000.0,3600.0,E9,0.6,0,0.18,0.0,2023,0.0,0.0,0.0,0.0
627,25,菜花,普通大棚,第一季,4000.0,5.5,3000.0,3600.0,E10,0.6,0,0.18,0.0,2023,0.0,0.0,0.0,0.0
628,25,菜花,普通大棚,第一季,4000.0,5.5,3000.0,3600.0,E11,0.6,0,0.18,0.0,2023,0.0,0.0,0.0,0.0
629,25,菜花,普通大棚,第一季,4000.0,5.5,3000.0,3600.0,E12,0.6,0,0.18,0.0,2023,0.0,0.0,0.0,0.0
630,25,菜花,普通大棚,第一季,4000.0,5.5,3000.0,3600.0,E13,0.6,0,0.18,0.0,2023,0.0,0.0,0.0,0.0
631,25,菜花,普通大棚,第一季,4000.0,5.5,3000.0,3600.0,E14,0.6,0,0.18,0.0,2023,0.0,0.0,0.0,0.0
632,25,菜花,普通大棚,第一季,4000.0,5.5,3000.0,3600.0,E15,0.6,0,0.18,0.0,2023,0.0,0.0,0.0,0.0
633,25,菜花,普通大棚,第一季,4000.0,5.5,3000.0,3600.0,E16,0.6,0,0.18,0.0,2023,0.0,0.0,0.0,0.0
634,25,菜花,智慧大棚,第一季,4000.0,5.5,3000.0,3600.0,F1,0.6,0,0.18,0.0,2023,0.0,0.0,0.0,0.0
635,25,菜花,智慧大棚,第一季,4000.0,5.5,3000.0,3600.0,F2,0.6,0,0.3,1.0,2023,1200.0,0.3,900.0,0.0
636,25,菜花,智慧大棚,第一季,4000.0,5.5,3000.0,3600.0,F3,0.6,0,0.18,0.0,2023,0.0,0.0,0.0,0.0
637,25,菜花,智慧大棚,第一季,4000.0,5.5,3000.0,3600.0,F4,0.6,0,0.18,0.0,2023,0.0,0.0,0.0,0.0
638,26,包菜,水浇地,第一季,3700.0,6.5,3500.0,4050.0,D1,15.0,0,4.5,0.0,2023,0.0,0.0,0.0,0.0
639,26,包菜,水浇地,第一季,3700.0,6.5,3500.0,4050.0,D2,10.0,0,3.0,0.0,2023,0.0,0.0,0.0,0.0
640,26,包菜,水浇地,第一季,3700.0,6.5,3500.0,4050.0,D3,14.0,0,4.2,0.0,2023,0.0,0.0,0.0,0.0
641,26,包菜,水浇地,第一季,3700.0,6.5,3500.0,4050.0,D4,6.0,0,1.7999999999999998,0.0,2023,0.0,0.0,0.0,0.0
642,26,包菜,水浇地,第一季,3700.0,6.5,3500.0,4050.0,D5,10.0,0,3.0,0.0,2023,0.0,0.0,0.0,0.0
643,26,包菜,水浇地,第一季,3700.0,6.5,3500.0,4050.0,D6,12.0,0,3.6,0.0,2023,0.0,0.0,0.0,0.0
644,26,包菜,水浇地,第一季,3700.0,6.5,3500.0,4050.0,D7,22.0,0,6.6,0.0,2023,0.0,0.0,0.0,0.0
645,26,包菜,水浇地,第一季,3700.0,6.5,3500.0,4050.0,D8,20.0,0,6.0,0.0,2023,0.0,0.0,0.0,0.0
646,26,包菜,普通大棚,第一季,4500.0,6.5,3500.0,4050.0,E1,0.6,0,0.18,0.0,2023,0.0,0.0,0.0,0.0
647,26,包菜,普通大棚,第一季,4500.0,6.5,3500.0,4050.0,E2,0.6,0,0.18,0.0,2023,0.0,0.0,0.0,0.0
648,26,包菜,普通大棚,第一季,4500.0,6.5,3500.0,4050.0,E3,0.6,0,0.18,0.0,2023,0.0,0.0,0.0,0.0
649,26,包菜,普通大棚,第一季,4500.0,6.5,3500.0,4050.0,E4,0.6,0,0.6,1.0,2023,2700.0,0.6,2100.0,0.0
650,26,包菜,普通大棚,第一季,4500.0,6.5,3500.0,4050.0,E5,0.6,0,0.18,0.0,2023,0.0,0.0,0.0,0.0
651,26,包菜,普通大棚,第一季,4500.0,6.5,3500.0,4050.0,E6,0.6,0,0.18,0.0,2023,0.0,0.0,0.0,0.0
652,26,包菜,普通大棚,第一季,4500.0,6.5,3500.0,4050.0,E7,0.6,0,0.18,0.0,2023,0.0,0.0,0.0,0.0
653,26,包菜,普通大棚,第一季,4500.0,6.5,3500.0,4050.0,E8,0.6,0,0.18,0.0,2023,0.0,0.0,0.0,0.0
654,26,包菜,普通大棚,第一季,4500.0,6.5,3500.0,4050.0,E9,0.6,0,0.18,0.0,2023,0.0,0.0,0.0,0.0
655,26,包菜,普通大棚,第一季,4500.0,6.5,3500.0,4050.0,E10,0.6,0,0.18,0.0,2023,0.0,0.0,0.0,0.0
656,26,包菜,普通大棚,第一季,4500.0,6.5,3500.0,4050.0,E11,0.6,0,0.18,0.0,2023,0.0,0.0,0.0,0.0
657,26,包菜,普通大棚,第一季,4500.0,6.5,3500.0,4050.0,E12,0.6,0,0.18,0.0,2023,0.0,0.0,0.0,0.0
658,26,包菜,普通大棚,第一季,4500.0,6.5,3500.0,4050.0,E13,0.6,0,0.18,0.0,2023,0.0,0.0,0.0,0.0
659,26,包菜,普通大棚,第一季,4500.0,6.5,3500.0,4050.0,E14,0.6,0,0.18,0.0,2023,0.0,0.0,0.0,0.0
660,26,包菜,普通大棚,第一季,4500.0,6.5,3500.0,4050.0,E15,0.6,0,0.18,0.0,2023,0.0,0.0,0.0,0.0
661,26,包菜,普通大棚,第一季,4500.0,6.5,3500.0,4050.0,E16,0.6,0,0.18,0.0,2023,0.0,0.0,0.0,0.0
662,26,包菜,智慧大棚,第一季,4500.0,6.5,3500.0,4050.0,F1,0.6,0,0.18,0.0,2023,0.0,0.0,0.0,0.0
663,26,包菜,智慧大棚,第一季,4500.0,6.5,3500.0,4050.0,F2,0.6,0,0.3,1.0,2023,1350.0,0.3,1050.0,0.0
664,26,包菜,智慧大棚,第一季,4500.0,6.5,3500.0,4050.0,F3,0.6,0,0.18,0.0,2023,0.0,0.0,0.0,0.0
665,26,包菜,智慧大棚,第一季,4500.0,6.5,3500.0,4050.0,F4,0.6,0,0.18,0.0,2023,0.0,0.0,0.0,0.0
666,27,油麦菜,水浇地,第一季,4100.0,5.0,2000.0,4500.0,D1,15.0,0,4.5,0.0,2023,0.0,0.0,0.0,0.0
667,27,油麦菜,水浇地,第一季,4100.0,5.0,2000.0,4500.0,D2,10.0,0,3.0,0.0,2023,0.0,0.0,0.0,0.0
668,27,油麦菜,水浇地,第一季,4100.0,5.0,2000.0,4500.0,D3,14.0,0,4.2,0.0,2023,0.0,0.0,0.0,0.0
669,27,油麦菜,水浇地,第一季,4100.0,5.0,2000.0,4500.0,D4,6.0,0,1.7999999999999998,0.0,2023,0.0,0.0,0.0,0.0
670,27,油麦菜,水浇地,第一季,4100.0,5.0,2000.0,4500.0,D5,10.0,0,3.0,0.0,2023,0.0,0.0,0.0,0.0
671,27,油麦菜,水浇地,第一季,4100.0,5.0,2000.0,4500.0,D6,12.0,0,3.6,0.0,2023,0.0,0.0,0.0,0.0
672,27,油麦菜,水浇地,第一季,4100.0,5.0,2000.0,4500.0,D7,22.0,0,6.6,0.0,2023,0.0,0.0,0.0,0.0
673,27,油麦菜,水浇地,第一季,4100.0,5.0,2000.0,4500.0,D8,20.0,0,6.0,0.0,2023,0.0,0.0,0.0,0.0
674,27,油麦菜,普通大棚,第一季,5000.0,5.0,2000.0,4500.0,E1,0.6,0,0.18,0.0,2023,0.0,0.0,0.0,0.0
675,27,油麦菜,普通大棚,第一季,5000.0,5.0,2000.0,4500.0,E2,0.6,0,0.18,0.0,2023,0.0,0.0,0.0,0.0
676,27,油麦菜,普通大棚,第一季,5000.0,5.0,2000.0,4500.0,E3,0.6,0,0.18,0.0,2023,0.0,0.0,0.0,0.0
677,27,油麦菜,普通大棚,第一季,5000.0,5.0,2000.0,4500.0,E4,0.6,0,0.18,0.0,2023,0.0,0.0,0.0,0.0
678,27,油麦菜,普通大棚,第一季,5000.0,5.0,2000.0,4500.0,E5,0.6,0,0.18,0.0,2023,0.0,0.0,0.0,0.0
679,27,油麦菜,普通大棚,第一季,5000.0,5.0,2000.0,4500.0,E6,0.6,0,0.6,1.0,2023,3000.0,0.6,1200.0,0.0
680,27,油麦菜,普通大棚,第一季,5000.0,5.0,2000.0,4500.0,E7,0.6,0,0.18,0.0,2023,0.0,0.0,0.0,0.0
681,27,油麦菜,普通大棚,第一季,5000.0,5.0,2000.0,4500.0,E8,0.6,0,0.18,0.0,2023,0.0,0.0,0.0,0.0
682,27,油麦菜,普通大棚,第一季,5000.0,5.0,2000.0,4500.0,E9,0.6,0,0.18,0.0,2023,0.0,0.0,0.0,0.0
683,27,油麦菜,普通大棚,第一季,5000.0,5.0,2000.0,4500.0,E10,0.6,0,0.18,0.0,2023,0.0,0.0,0.0,0.0
684,27,油麦菜,普通大棚,第一季,5000.0,5.0,2000.0,4500.0,E11,0.6,0,0.18,0.0,2023,0.0,0.0,0.0,0.0
685,27,油麦菜,普通大棚,第一季,5000.0,5.0,2000.0,4500.0,E12,0.6,0,0.18,0.0,2023,0.0,0.0,0.0,0.0
686,27,油麦菜,普通大棚,第一季,5000.0,5.0,2000.0,4500.0,E13,0.6,0,0.18,0.0,2023,0.0,0.0,0.0,0.0
687,27,油麦菜,普通大棚,第一季,5000.0,5.0,2000.0,4500.0,E14,0.6,0,0.18,0.0,2023,0.0,0.0,0.0,0.0
688,27,油麦菜,普通大棚,第一季,5000.0,5.0,2000.0,4500.0,E15,0.6,0,0.3,1.0,2023,1500.0,0.3,600.0,0.0
689,27,油麦菜,普通大棚,第一季,5000.0,5.0,2000.0,4500.0,E16,0.6,0,0.18,0.0,2023,0.0,0.0,0.0,0.0
690,27,油麦菜,智慧大棚,第一季,5000.0,5.0,2000.0,4500.0,F1,0.6,0,0.18,0.0,2023,0.0,0.0,0.0,0.0
691,27,油麦菜,智慧大棚,第一季,5000.0,5.0,2000.0,4500.0,F2,0.6,0,0.18,0.0,2023,0.0,0.0,0.0,0.0
692,27,油麦菜,智慧大棚,第一季,5000.0,5.0,2000.0,4500.0,F3,0.6,0,0.18,0.0,2023,0.0,0.0,0.0,0.0
693,27,油麦菜,智慧大棚,第一季,5000.0,5.0,2000.0,4500.0,F4,0.6,0,0.18,0.0,2023,0.0,0.0,0.0,0.0
694,28,小青菜,水浇地,第一季,3200.0,5.75,2000.0,34400.0,D1,15.0,0,4.5,0.0,2023,0.0,0.0,0.0,0.0
695,28,小青菜,水浇地,第一季,3200.0,5.75,2000.0,34400.0,D2,10.0,0,10.0,1.0,2023,32000.0,10.0,20000.0,0.0
696,28,小青菜,水浇地,第一季,3200.0,5.75,2000.0,34400.0,D3,14.0,0,4.2,0.0,2023,0.0,0.0,0.0,0.0
697,28,小青菜,水浇地,第一季,3200.0,5.75,2000.0,34400.0,D4,6.0,0,1.7999999999999998,0.0,2023,0.0,0.0,0.0,0.0
698,28,小青菜,水浇地,第一季,3200.0,5.75,2000.0,34400.0,D5,10.0,0,3.0,0.0,2023,0.0,0.0,0.0,0.0
699,28,小青菜,水浇地,第一季,3200.0,5.75,2000.0,34400.0,D6,12.0,0,3.6,0.0,2023,0.0,0.0,0.0,0.0
700,28,小青菜,水浇地,第一季,3200.0,5.75,2000.0,34400.0,D7,22.0,0,6.6,0.0,2023,0.0,0.0,0.0,0.0
701,28,小青菜,水浇地,第一季,3200.0,5.75,2000.0,34400.0,D8,20.0,0,6.0,0.0,2023,0.0,0.0,0.0,0.0
702,28,小青菜,普通大棚,第一季,4000.0,5.75,2000.0,34400.0,E1,0.6,0,0.18,0.0,2023,0.0,0.0,0.0,0.0
703,28,小青菜,普通大棚,第一季,4000.0,5.75,2000.0,34400.0,E2,0.6,0,0.18,0.0,2023,0.0,0.0,0.0,0.0
704,28,小青菜,普通大棚,第一季,4000.0,5.75,2000.0,34400.0,E3,0.6,0,0.18,0.0,2023,0.0,0.0,0.0,0.0
705,28,小青菜,普通大棚,第一季,4000.0,5.75,2000.0,34400.0,E4,0.6,0,0.18,0.0,2023,0.0,0.0,0.0,0.0
706,28,小青菜,普通大棚,第一季,4000.0,5.75,2000.0,34400.0,E5,0.6,0,0.6,1.0,2023,2400.0,0.6,1200.0,0.0
707,28,小青菜,普通大棚,第一季,4000.0,5.75,2000.0,34400.0,E6,0.6,0,0.18,0.0,2023,0.0,0.0,0.0,0.0
708,28,小青菜,普通大棚,第一季,4000.0,5.75,2000.0,34400.0,E7,0.6,0,0.18,0.0,2023,0.0,0.0,0.0,0.0
709,28,小青菜,普通大棚,第一季,4000.0,5.75,2000.0,34400.0,E8,0.6,0,0.18,0.0,2023,0.0,0.0,0.0,0.0
710,28,小青菜,普通大棚,第一季,4000.0,5.75,2000.0,34400.0,E9,0.6,0,0.18,0.0,2023,0.0,0.0,0.0,0.0
711,28,小青菜,普通大棚,第一季,4000.0,5.75,2000.0,34400.0,E10,0.6,0,0.18,0.0,2023,0.0,0.0,0.0,0.0
712,28,小青菜,普通大棚,第一季,4000.0,5.75,2000.0,34400.0,E11,0.6,0,0.18,0.0,2023,0.0,0.0,0.0,0.0
713,28,小青菜,普通大棚,第一季,4000.0,5.75,2000.0,34400.0,E12,0.6,0,0.18,0.0,2023,0.0,0.0,0.0,0.0
714,28,小青菜,普通大棚,第一季,4000.0,5.75,2000.0,34400.0,E13,0.6,0,0.18,0.0,2023,0.0,0.0,0.0,0.0
715,28,小青菜,普通大棚,第一季,4000.0,5.75,2000.0,34400.0,E14,0.6,0,0.18,0.0,2023,0.0,0.0,0.0,0.0
716,28,小青菜,普通大棚,第一季,4000.0,5.75,2000.0,34400.0,E15,0.6,0,0.18,0.0,2023,0.0,0.0,0.0,0.0
717,28,小青菜,普通大棚,第一季,4000.0,5.75,2000.0,34400.0,E16,0.6,0,0.18,0.0,2023,0.0,0.0,0.0,0.0
718,28,小青菜,智慧大棚,第一季,4000.0,5.75,2000.0,34400.0,F1,0.6,0,0.18,0.0,2023,0.0,0.0,0.0,0.0
719,28,小青菜,智慧大棚,第一季,4000.0,5.75,2000.0,34400.0,F2,0.6,0,0.18,0.0,2023,0.0,0.0,0.0,0.0
720,28,小青菜,智慧大棚,第一季,4000.0,5.75,2000.0,34400.0,F3,0.6,0,0.18,0.0,2023,0.0,0.0,0.0,0.0
721,28,小青菜,智慧大棚,第一季,4000.0,5.75,2000.0,34400.0,F4,0.6,0,0.18,0.0,2023,0.0,0.0,0.0,0.0
722,28,小青菜,智慧大棚,第二季,3600.0,6.9,2200.0,1080.0,F1,0.6,0,0.18,0.0,2023,0.0,0.0,0.0,0.0
723,28,小青菜,智慧大棚,第二季,3600.0,6.9,2200.0,1080.0,F2,0.6,0,0.18,0.0,2023,0.0,0.0,0.0,0.0
724,28,小青菜,智慧大棚,第二季,3600.0,6.9,2200.0,1080.0,F3,0.6,0,0.3,1.0,2023,1080.0,0.3,660.0,0.0
725,28,小青菜,智慧大棚,第二季,3600.0,6.9,2200.0,1080.0,F4,0.6,0,0.18,0.0,2023,0.0,0.0,0.0,0.0
726,29,黄瓜,水浇地,第一季,12000.0,7.0,3500.0,9000.0,D1,15.0,0,4.5,0.0,2023,0.0,0.0,0.0,0.0
727,29,黄瓜,水浇地,第一季,12000.0,7.0,3500.0,9000.0,D2,10.0,0,3.0,0.0,2023,0.0,0.0,0.0,0.0
728,29,黄瓜,水浇地,第一季,12000.0,7.0,3500.0,9000.0,D3,14.0,0,4.2,0.0,2023,0.0,0.0,0.0,0.0
729,29,黄瓜,水浇地,第一季,12000.0,7.0,3500.0,9000.0,D4,6.0,0,1.7999999999999998,0.0,2023,0.0,0.0,0.0,0.0
730,29,黄瓜,水浇地,第一季,12000.0,7.0,3500.0,9000.0,D5,10.0,0,3.0,0.0,2023,0.0,0.0,0.0,0.0
731,29,黄瓜,水浇地,第一季,12000.0,7.0,3500.0,9000.0,D6,12.0,0,3.6,0.0,2023,0.0,0.0,0.0,0.0
732,29,黄瓜,水浇地,第一季,12000.0,7.0,3500.0,9000.0,D7,22.0,0,6.6,0.0,2023,0.0,0.0,0.0,0.0
733,29,黄瓜,水浇地,第一季,12000.0,7.0,3500.0,9000.0,D8,20.0,0,6.0,0.0,2023,0.0,0.0,0.0,0.0
734,29,黄瓜,普通大棚,第一季,15000.0,7.0,3500.0,9000.0,E1,0.6,0,0.18,0.0,2023,0.0,0.0,0.0,0.0
735,29,黄瓜,普通大棚,第一季,15000.0,7.0,3500.0,9000.0,E2,0.6,0,0.18,0.0,2023,0.0,0.0,0.0,0.0
736,29,黄瓜,普通大棚,第一季,15000.0,7.0,3500.0,9000.0,E3,0.6,0,0.18,0.0,2023,0.0,0.0,0.0,0.0
737,29,黄瓜,普通大棚,第一季,15000.0,7.0,3500.0,9000.0,E4,0.6,0,0.18,0.0,2023,0.0,0.0,0.0,0.0
738,29,黄瓜,普通大棚,第一季,15000.0,7.0,3500.0,9000.0,E5,0.6,0,0.18,0.0,2023,0.0,0.0,0.0,0.0
739,29,黄瓜,普通大棚,第一季,15000.0,7.0,3500.0,9000.0,E6,0.6,0,0.18,0.0,2023,0.0,0.0,0.0,0.0
740,29,黄瓜,普通大棚,第一季,15000.0,7.0,3500.0,9000.0,E7,0.6,0,0.18,0.0,2023,0.0,0.0,0.0,0.0
741,29,黄瓜,普通大棚,第一季,15000.0,7.0,3500.0,9000.0,E8,0.6,0,0.18,0.0,2023,0.0,0.0,0.0,0.0
742,29,黄瓜,普通大棚,第一季,15000.0,7.0,3500.0,9000.0,E9,0.6,0,0.18,0.0,2023,0.0,0.0,0.0,0.0
743,29,黄瓜,普通大棚,第一季,15000.0,7.0,3500.0,9000.0,E10,0.6,0,0.18,0.0,2023,0.0,0.0,0.0,0.0
744,29,黄瓜,普通大棚,第一季,15000.0,7.0,3500.0,9000.0,E11,0.6,0,0.18,0.0,2023,0.0,0.0,0.0,0.0
745,29,黄瓜,普通大棚,第一季,15000.0,7.0,3500.0,9000.0,E12,0.6,0,0.18,0.0,2023,0.0,0.0,0.0,0.0
746,29,黄瓜,普通大棚,第一季,15000.0,7.0,3500.0,9000.0,E13,0.6,0,0.18,0.0,2023,0.0,0.0,0.0,0.0
747,29,黄瓜,普通大棚,第一季,15000.0,7.0,3500.0,9000.0,E14,0.6,0,0.6,1.0,2023,9000.0,0.6,2100.0,0.0
748,29,黄瓜,普通大棚,第一季,15000.0,7.0,3500.0,9000.0,E15,0.6,0,0.18,0.0,2023,0.0,0.0,0.0,0.0
749,29,黄瓜,普通大棚,第一季,15000.0,7.0,3500.0,9000.0,E16,0.6,0,0.18,0.0,2023,0.0,0.0,0.0,0.0
750,29,黄瓜,智慧大棚,第一季,15000.0,7.0,3500.0,9000.0,F1,0.6,0,0.18,0.0,2023,0.0,0.0,0.0,0.0
751,29,黄瓜,智慧大棚,第一季,15000.0,7.0,3500.0,9000.0,F2,0.6,0,0.18,0.0,2023,0.0,0.0,0.0,0.0
752,29,黄瓜,智慧大棚,第一季,15000.0,7.0,3500.0,9000.0,F3,0.6,0,0.18,0.0,2023,0.0,0.0,0.0,0.0
753,29,黄瓜,智慧大棚,第一季,15000.0,7.0,3500.0,9000.0,F4,0.6,0,0.18,0.0,2023,0.0,0.0,0.0,0.0
754,29,黄瓜,智慧大棚,第二季,13500.0,8.4,3850.0,4050.0,F1,0.6,0,0.18,0.0,2023,0.0,0.0,0.0,0.0
755,29,黄瓜,智慧大棚,第二季,13500.0,8.4,3850.0,4050.0,F2,0.6,0,0.3,1.0,2023,4050.0,0.3,1155.0,0.0
756,29,黄瓜,智慧大棚,第二季,13500.0,8.4,3850.0,4050.0,F3,0.6,0,0.18,0.0,2023,0.0,0.0,0.0,0.0
757,29,黄瓜,智慧大棚,第二季,13500.0,8.4,3850.0,4050.0,F4,0.6,0,0.18,0.0,2023,0.0,0.0,0.0,0.0
758,30,生菜,水浇地,第一季,4100.0,5.25,2000.0,1500.0,D1,15.0,0,4.5,0.0,2023,0.0,0.0,0.0,0.0
759,30,生菜,水浇地,第一季,4100.0,5.25,2000.0,1500.0,D2,10.0,0,3.0,0.0,2023,0.0,0.0,0.0,0.0
760,30,生菜,水浇地,第一季,4100.0,5.25,2000.0,1500.0,D3,14.0,0,4.2,0.0,2023,0.0,0.0,0.0,0.0
761,30,生菜,水浇地,第一季,4100.0,5.25,2000.0,1500.0,D4,6.0,0,1.7999999999999998,0.0,2023,0.0,0.0,0.0,0.0
762,30,生菜,水浇地,第一季,4100.0,5.25,2000.0,1500.0,D5,10.0,0,3.0,0.0,2023,0.0,0.0,0.0,0.0
763,30,生菜,水浇地,第一季,4100.0,5.25,2000.0,1500.0,D6,12.0,0,3.6,0.0,2023,0.0,0.0,0.0,0.0
764,30,生菜,水浇地,第一季,4100.0,5.25,2000.0,1500.0,D7,22.0,0,6.6,0.0,2023,0.0,0.0,0.0,0.0
765,30,生菜,水浇地,第一季,4100.0,5.25,2000.0,1500.0,D8,20.0,0,6.0,0.0,2023,0.0,0.0,0.0,0.0
766,30,生菜,普通大棚,第一季,5000.0,5.25,2000.0,1500.0,E1,0.6,0,0.18,0.0,2023,0.0,0.0,0.0,0.0
767,30,生菜,普通大棚,第一季,5000.0,5.25,2000.0,1500.0,E2,0.6,0,0.18,0.0,2023,0.0,0.0,0.0,0.0
768,30,生菜,普通大棚,第一季,5000.0,5.25,2000.0,1500.0,E3,0.6,0,0.18,0.0,2023,0.0,0.0,0.0,0.0
769,30,生菜,普通大棚,第一季,5000.0,5.25,2000.0,1500.0,E4,0.6,0,0.18,0.0,2023,0.0,0.0,0.0,0.0
770,30,生菜,普通大棚,第一季,5000.0,5.25,2000.0,1500.0,E5,0.6,0,0.18,0.0,2023,0.0,0.0,0.0,0.0
771,30,生菜,普通大棚,第一季,5000.0,5.25,2000.0,1500.0,E6,0.6,0,0.18,0.0,2023,0.0,0.0,0.0,0.0
772,30,生菜,普通大棚,第一季,5000.0,5.25,2000.0,1500.0,E7,0.6,0,0.18,0.0,2023,0.0,0.0,0.0,0.0
773,30,生菜,普通大棚,第一季,5000.0,5.25,2000.0,1500.0,E8,0.6,0,0.18,0.0,2023,0.0,0.0,0.0,0.0
774,30,生菜,普通大棚,第一季,5000.0,5.25,2000.0,1500.0,E9,0.6,0,0.18,0.0,2023,0.0,0.0,0.0,0.0
775,30,生菜,普通大棚,第一季,5000.0,5.25,2000.0,1500.0,E10,0.6,0,0.18,0.0,2023,0.0,0.0,0.0,0.0
776,30,生菜,普通大棚,第一季,5000.0,5.25,2000.0,1500.0,E11,0.6,0,0.18,0.0,2023,0.0,0.0,0.0,0.0
777,30,生菜,普通大棚,第一季,5000.0,5.25,2000.0,1500.0,E12,0.6,0,0.18,0.0,2023,0.0,0.0,0.0,0.0
778,30,生菜,普通大棚,第一季,5000.0,5.25,2000.0,1500.0,E13,0.6,0,0.18,0.0,2023,0.0,0.0,0.0,0.0
779,30,生菜,普通大棚,第一季,5000.0,5.25,2000.0,1500.0,E14,0.6,0,0.18,0.0,2023,0.0,0.0,0.0,0.0
780,30,生菜,普通大棚,第一季,5000.0,5.25,2000.0,1500.0,E15,0.6,0,0.3,1.0,2023,1500.0,0.3,600.0,0.0
781,30,生菜,普通大棚,第一季,5000.0,5.25,2000.0,1500.0,E16,0.6,0,0.18,0.0,2023,0.0,0.0,0.0,0.0
782,30,生菜,智慧大棚,第一季,5000.0,5.25,2000.0,1500.0,F1,0.6,0,0.18,0.0,2023,0.0,0.0,0.0,0.0
783,30,生菜,智慧大棚,第一季,5000.0,5.25,2000.0,1500.0,F2,0.6,0,0.18,0.0,2023,0.0,0.0,0.0,0.0
784,30,生菜,智慧大棚,第一季,5000.0,5.25,2000.0,1500.0,F3,0.6,0,0.18,0.0,2023,0.0,0.0,0.0,0.0
785,30,生菜,智慧大棚,第一季,5000.0,5.25,2000.0,1500.0,F4,0.6,0,0.18,0.0,2023,0.0,0.0,0.0,0.0
786,30,生菜,智慧大棚,第二季,4500.0,6.300000000000001,2200.0,1350.0,F1,0.6,0,0.18,0.0,2023,0.0,0.0,0.0,0.0
787,30,生菜,智慧大棚,第二季,4500.0,6.300000000000001,2200.0,1350.0,F2,0.6,0,0.18,0.0,2023,0.0,0.0,0.0,0.0
788,30,生菜,智慧大棚,第二季,4500.0,6.300000000000001,2200.0,1350.0,F3,0.6,0,0.3,1.0,2023,1350.0,0.3,660.0,0.0
789,30,生菜,智慧大棚,第二季,4500.0,6.300000000000001,2200.0,1350.0,F4,0.6,0,0.18,0.0,2023,0.0,0.0,0.0,0.0
790,31,辣椒,水浇地,第一季,1600.0,7.25,1200.0,1200.0,D1,15.0,0,4.5,0.0,2023,0.0,0.0,0.0,0.0
791,31,辣椒,水浇地,第一季,1600.0,7.25,1200.0,1200.0,D2,10.0,0,3.0,0.0,2023,0.0,0.0,0.0,0.0
792,31,辣椒,水浇地,第一季,1600.0,7.25,1200.0,1200.0,D3,14.0,0,4.2,0.0,2023,0.0,0.0,0.0,0.0
793,31,辣椒,水浇地,第一季,1600.0,7.25,1200.0,1200.0,D4,6.0,0,1.7999999999999998,0.0,2023,0.0,0.0,0.0,0.0
794,31,辣椒,水浇地,第一季,1600.0,7.25,1200.0,1200.0,D5,10.0,0,3.0,0.0,2023,0.0,0.0,0.0,0.0
795,31,辣椒,水浇地,第一季,1600.0,7.25,1200.0,1200.0,D6,12.0,0,3.6,0.0,2023,0.0,0.0,0.0,0.0
796,31,辣椒,水浇地,第一季,1600.0,7.25,1200.0,1200.0,D7,22.0,0,6.6,0.0,2023,0.0,0.0,0.0,0.0
797,31,辣椒,水浇地,第一季,1600.0,7.25,1200.0,1200.0,D8,20.0,0,6.0,0.0,2023,0.0,0.0,0.0,0.0
798,31,辣椒,普通大棚,第一季,2000.0,7.25,1200.0,1200.0,E1,0.6,0,0.18,0.0,2023,0.0,0.0,0.0,0.0
799,31,辣椒,普通大棚,第一季,2000.0,7.25,1200.0,1200.0,E2,0.6,0,0.18,0.0,2023,0.0,0.0,0.0,0.0
800,31,辣椒,普通大棚,第一季,2000.0,7.25,1200.0,1200.0,E3,0.6,0,0.18,0.0,2023,0.0,0.0,0.0,0.0
801,31,辣椒,普通大棚,第一季,2000.0,7.25,1200.0,1200.0,E4,0.6,0,0.18,0.0,2023,0.0,0.0,0.0,0.0
802,31,辣椒,普通大棚,第一季,2000.0,7.25,1200.0,1200.0,E5,0.6,0,0.18,0.0,2023,0.0,0.0,0.0,0.0
803,31,辣椒,普通大棚,第一季,2000.0,7.25,1200.0,1200.0,E6,0.6,0,0.18,0.0,2023,0.0,0.0,0.0,0.0
804,31,辣椒,普通大棚,第一季,2000.0,7.25,1200.0,1200.0,E7,0.6,0,0.18,0.0,2023,0.0,0.0,0.0,0.0
805,31,辣椒,普通大棚,第一季,2000.0,7.25,1200.0,1200.0,E8,0.6,0,0.18,0.0,2023,0.0,0.0,0.0,0.0
806,31,辣椒,普通大棚,第一季,2000.0,7.25,1200.0,1200.0,E9,0.6,0,0.18,0.0,2023,0.0,0.0,0.0,0.0
807,31,辣椒,普通大棚,第一季,2000.0,7.25,1200.0,1200.0,E10,0.6,0,0.18,0.0,2023,0.0,0.0,0.0,0.0
808,31,辣椒,普通大棚,第一季,2000.0,7.25,1200.0,1200.0,E11,0.6,0,0.18,0.0,2023,0.0,0.0,0.0,0.0
809,31,辣椒,普通大棚,第一季,2000.0,7.25,1200.0,1200.0,E12,0.6,0,0.18,0.0,2023,0.0,0.0,0.0,0.0
810,31,辣椒,普通大棚,第一季,2000.0,7.25,1200.0,1200.0,E13,0.6,0,0.18,0.0,2023,0.0,0.0,0.0,0.0
811,31,辣椒,普通大棚,第一季,2000.0,7.25,1200.0,1200.0,E14,0.6,0,0.18,0.0,2023,0.0,0.0,0.0,0.0
812,31,辣椒,普通大棚,第一季,2000.0,7.25,1200.0,1200.0,E15,0.6,0,0.18,0.0,2023,0.0,0.0,0.0,0.0
813,31,辣椒,普通大棚,第一季,2000.0,7.25,1200.0,1200.0,E16,0.6,0,0.6,1.0,2023,1200.0,0.6,720.0,0.0
814,31,辣椒,智慧大棚,第一季,2000.0,7.25,1200.0,1200.0,F1,0.6,0,0.18,0.0,2023,0.0,0.0,0.0,0.0
815,31,辣椒,智慧大棚,第一季,2000.0,7.25,1200.0,1200.0,F2,0.6,0,0.18,0.0,2023,0.0,0.0,0.0,0.0
816,31,辣椒,智慧大棚,第一季,2000.0,7.25,1200.0,1200.0,F3,0.6,0,0.18,0.0,2023,0.0,0.0,0.0,0.0
817,31,辣椒,智慧大棚,第一季,2000.0,7.25,1200.0,1200.0,F4,0.6,0,0.18,0.0,2023,0.0,0.0,0.0,0.0
818,32,空心菜,水浇地,第一季,10000.0,4.5,5000.0,3600.0,D1,15.0,0,4.5,0.0,2023,0.0,0.0,0.0,0.0
819,32,空心菜,水浇地,第一季,10000.0,4.5,5000.0,3600.0,D2,10.0,0,3.0,0.0,2023,0.0,0.0,0.0,0.0
820,32,空心菜,水浇地,第一季,10000.0,4.5,5000.0,3600.0,D3,14.0,0,4.2,0.0,2023,0.0,0.0,0.0,0.0
821,32,空心菜,水浇地,第一季,10000.0,4.5,5000.0,3600.0,D4,6.0,0,1.7999999999999998,0.0,2023,0.0,0.0,0.0,0.0
822,32,空心菜,水浇地,第一季,10000.0,4.5,5000.0,3600.0,D5,10.0,0,3.0,0.0,2023,0.0,0.0,0.0,0.0
823,32,空心菜,水浇地,第一季,10000.0,4.5,5000.0,3600.0,D6,12.0,0,3.6,0.0,2023,0.0,0.0,0.0,0.0
824,32,空心菜,水浇地,第一季,10000.0,4.5,5000.0,3600.0,D7,22.0,0,6.6,0.0,2023,0.0,0.0,0.0,0.0
825,32,空心菜,水浇地,第一季,10000.0,4.5,5000.0,3600.0,D8,20.0,0,6.0,0.0,2023,0.0,0.0,0.0,0.0
826,32,空心菜,普通大棚,第一季,12000.0,4.5,5000.0,3600.0,E1,0.6,0,0.18,0.0,2023,0.0,0.0,0.0,0.0
827,32,空心菜,普通大棚,第一季,12000.0,4.5,5000.0,3600.0,E2,0.6,0,0.18,0.0,2023,0.0,0.0,0.0,0.0
828,32,空心菜,普通大棚,第一季,12000.0,4.5,5000.0,3600.0,E3,0.6,0,0.18,0.0,2023,0.0,0.0,0.0,0.0
829,32,空心菜,普通大棚,第一季,12000.0,4.5,5000.0,3600.0,E4,0.6,0,0.18,0.0,2023,0.0,0.0,0.0,0.0
830,32,空心菜,普通大棚,第一季,12000.0,4.5,5000.0,3600.0,E5,0.6,0,0.18,0.0,2023,0.0,0.0,0.0,0.0
831,32,空心菜,普通大棚,第一季,12000.0,4.5,5000.0,3600.0,E6,0.6,0,0.18,0.0,2023,0.0,0.0,0.0,0.0
832,32,空心菜,普通大棚,第一季,12000.0,4.5,5000.0,3600.0,E7,0.6,0,0.18,0.0,2023,0.0,0.0,0.0,0.0
833,32,空心菜,普通大棚,第一季,12000.0,4.5,5000.0,3600.0,E8,0.6,0,0.18,0.0,2023,0.0,0.0,0.0,0.0
834,32,空心菜,普通大棚,第一季,12000.0,4.5,5000.0,3600.0,E9,0.6,0,0.18,0.0,2023,0.0,0.0,0.0,0.0
835,32,空心菜,普通大棚,第一季,12000.0,4.5,5000.0,3600.0,E10,0.6,0,0.18,0.0,2023,0.0,0.0,0.0,0.0
836,32,空心菜,普通大棚,第一季,12000.0,4.5,5000.0,3600.0,E11,0.6,0,0.18,0.0,2023,0.0,0.0,0.0,0.0
837,32,空心菜,普通大棚,第一季,12000.0,4.5,5000.0,3600.0,E12,0.6,0,0.18,0.0,2023,0.0,0.0,0.0,0.0
838,32,空心菜,普通大棚,第一季,12000.0,4.5,5000.0,3600.0,E13,0.6,0,0.18,0.0,2023,0.0,0.0,0.0,0.0
839,32,空心菜,普通大棚,第一季,12000.0,4.5,5000.0,3600.0,E14,0.6,0,0.18,0.0,2023,0.0,0.0,0.0,0.0
840,32,空心菜,普通大棚,第一季,12000.0,4.5,5000.0,3600.0,E15,0.6,0,0.18,0.0,2023,0.0,0.0,0.0,0.0
841,32,空心菜,普通大棚,第一季,12000.0,4.5,5000.0,3600.0,E16,0.6,0,0.18,0.0,2023,0.0,0.0,0.0,0.0
842,32,空心菜,智慧大棚,第一季,12000.0,4.5,5000.0,3600.0,F1,0.6,0,0.3,1.0,2023,3600.0,0.3,1500.0,0.0
843,32,空心菜,智慧大棚,第一季,12000.0,4.5,5000.0,3600.0,F2,0.6,0,0.18,0.0,2023,0.0,0.0,0.0,0.0
844,32,空心菜,智慧大棚,第一季,12000.0,4.5,5000.0,3600.0,F3,0.6,0,0.18,0.0,2023,0.0,0.0,0.0,0.0
845,32,空心菜,智慧大棚,第一季,12000.0,4.5,5000.0,3600.0,F4,0.6,0,0.18,0.0,2023,0.0,0.0,0.0,0.0
846,33,黄心菜,水浇地,第一季,5000.0,4.5,2500.0,1800.0,D1,15.0,0,4.5,0.0,2023,0.0,0.0,0.0,0.0
847,33,黄心菜,水浇地,第一季,5000.0,4.5,2500.0,1800.0,D2,10.0,0,3.0,0.0,2023,0.0,0.0,0.0,0.0
848,33,黄心菜,水浇地,第一季,5000.0,4.5,2500.0,1800.0,D3,14.0,0,4.2,0.0,2023,0.0,0.0,0.0,0.0
849,33,黄心菜,水浇地,第一季,5000.0,4.5,2500.0,1800.0,D4,6.0,0,1.7999999999999998,0.0,2023,0.0,0.0,0.0,0.0
850,33,黄心菜,水浇地,第一季,5000.0,4.5,2500.0,1800.0,D5,10.0,0,3.0,0.0,2023,0.0,0.0,0.0,0.0
851,33,黄心菜,水浇地,第一季,5000.0,4.5,2500.0,1800.0,D6,12.0,0,3.6,0.0,2023,0.0,0.0,0.0,0.0
852,33,黄心菜,水浇地,第一季,5000.0,4.5,2500.0,1800.0,D7,22.0,0,6.6,0.0,2023,0.0,0.0,0.0,0.0
853,33,黄心菜,水浇地,第一季,5000.0,4.5,2500.0,1800.0,D8,20.0,0,6.0,0.0,2023,0.0,0.0,0.0,0.0
854,33,黄心菜,普通大棚,第一季,6000.0,4.5,2500.0,1800.0,E1,0.6,0,0.18,0.0,2023,0.0,0.0,0.0,0.0
855,33,黄心菜,普通大棚,第一季,6000.0,4.5,2500.0,1800.0,E2,0.6,0,0.18,0.0,2023,0.0,0.0,0.0,0.0
856,33,黄心菜,普通大棚,第一季,6000.0,4.5,2500.0,1800.0,E3,0.6,0,0.18,0.0,2023,0.0,0.0,0.0,0.0
857,33,黄心菜,普通大棚,第一季,6000.0,4.5,2500.0,1800.0,E4,0.6,0,0.18,0.0,2023,0.0,0.0,0.0,0.0
858,33,黄心菜,普通大棚,第一季,6000.0,4.5,2500.0,1800.0,E5,0.6,0,0.18,0.0,2023,0.0,0.0,0.0,0.0
859,33,黄心菜,普通大棚,第一季,6000.0,4.5,2500.0,1800.0,E6,0.6,0,0.18,0.0,2023,0.0,0.0,0.0,0.0
860,33,黄心菜,普通大棚,第一季,6000.0,4.5,2500.0,1800.0,E7,0.6,0,0.18,0.0,2023,0.0,0.0,0.0,0.0
861,33,黄心菜,普通大棚,第一季,6000.0,4.5,2500.0,1800.0,E8,0.6,0,0.18,0.0,2023,0.0,0.0,0.0,0.0
862,33,黄心菜,普通大棚,第一季,6000.0,4.5,2500.0,1800.0,E9,0.6,0,0.18,0.0,2023,0.0,0.0,0.0,0.0
863,33,黄心菜,普通大棚,第一季,6000.0,4.5,2500.0,1800.0,E10,0.6,0,0.18,0.0,2023,0.0,0.0,0.0,0.0
864,33,黄心菜,普通大棚,第一季,6000.0,4.5,2500.0,1800.0,E11,0.6,0,0.18,0.0,2023,0.0,0.0,0.0,0.0
865,33,黄心菜,普通大棚,第一季,6000.0,4.5,2500.0,1800.0,E12,0.6,0,0.18,0.0,2023,0.0,0.0,0.0,0.0
866,33,黄心菜,普通大棚,第一季,6000.0,4.5,2500.0,1800.0,E13,0.6,0,0.18,0.0,2023,0.0,0.0,0.0,0.0
867,33,黄心菜,普通大棚,第一季,6000.0,4.5,2500.0,1800.0,E14,0.6,0,0.18,0.0,2023,0.0,0.0,0.0,0.0
868,33,黄心菜,普通大棚,第一季,6000.0,4.5,2500.0,1800.0,E15,0.6,0,0.18,0.0,2023,0.0,0.0,0.0,0.0
869,33,黄心菜,普通大棚,第一季,6000.0,4.5,2500.0,1800.0,E16,0.6,0,0.18,0.0,2023,0.0,0.0,0.0,0.0
870,33,黄心菜,智慧大棚,第一季,6000.0,4.5,2500.0,1800.0,F1,0.6,0,0.3,1.0,2023,1800.0,0.3,750.0,0.0
871,33,黄心菜,智慧大棚,第一季,6000.0,4.5,2500.0,1800.0,F2,0.6,0,0.18,0.0,2023,0.0,0.0,0.0,0.0
872,33,黄心菜,智慧大棚,第一季,6000.0,4.5,2500.0,1800.0,F3,0.6,0,0.18,0.0,2023,0.0,0.0,0.0,0.0
873,33,黄心菜,智慧大棚,第一季,6000.0,4.5,2500.0,1800.0,F4,0.6,0,0.18,0.0,2023,0.0,0.0,0.0,0.0
874,34,芹菜,智慧大棚,第二季,6000.0,4.8,1200.0,1800.0,F1,0.6,0,0.18,0.0,2023,0.0,0.0,0.0,0.0
875,34,芹菜,智慧大棚,第二季,6000.0,4.8,1200.0,1800.0,F2,0.6,0,0.18,0.0,2023,0.0,0.0,0.0,0.0
876,34,芹菜,智慧大棚,第二季,6000.0,4.8,1200.0,1800.0,F3,0.6,0,0.18,0.0,2023,0.0,0.0,0.0,0.0
877,34,芹菜,智慧大棚,第二季,6000.0,4.8,1200.0,1800.0,F4,0.6,0,0.3,1.0,2023,1800.0,0.3,360.0,0.0
878,35,大白菜,水浇地,第二季,5000.0,2.5,2000.0,150000.0,D1,15.0,0,4.5,0.0,2023,0.0,0.0,0.0,0.0
879,35,大白菜,水浇地,第二季,5000.0,2.5,2000.0,150000.0,D2,10.0,0,10.0,1.0,2023,50000.0,10.0,20000.0,0.0
880,35,大白菜,水浇地,第二季,5000.0,2.5,2000.0,150000.0,D3,14.0,0,14.0,1.0,2023,70000.0,14.0,28000.0,0.0
881,35,大白菜,水浇地,第二季,5000.0,2.5,2000.0,150000.0,D4,6.0,0,6.0,1.0,2023,30000.0,6.0,12000.0,0.0
882,35,大白菜,水浇地,第二季,5000.0,2.5,2000.0,150000.0,D5,10.0,0,3.0,0.0,2023,0.0,0.0,0.0,0.0
883,35,大白菜,水浇地,第二季,5000.0,2.5,2000.0,150000.0,D6,12.0,0,3.6,0.0,2023,0.0,0.0,0.0,0.0
884,35,大白菜,水浇地,第二季,5000.0,2.5,2000.0,150000.0,D7,22.0,0,6.6,0.0,2023,0.0,0.0,0.0,0.0
885,35,大白菜,水浇地,第二季,5000.0,2.5,2000.0,150000.0,D8,20.0,0,6.0,0.0,2023,0.0,0.0,0.0,0.0
886,36,白萝卜,水浇地,第二季,4000.0,2.5,500.0,100000.0,D1,15.0,0,15.0,1.0,2023,60000.0,15.0,7500.0,0.0
887,36,白萝卜,水浇地,第二季,4000.0,2.5,500.0,100000.0,D2,10.0,0,3.0,0.0,2023,0.0,0.0,0.0,0.0
888,36,白萝卜,水浇地,第二季,4000.0,2.5,500.0,100000.0,D3,14.0,0,4.2,0.0,2023,0.0,0.0,0.0,0.0
889,36,白萝卜,水浇地,第二季,4000.0,2.5,500.0,100000.0,D4,6.0,0,1.7999999999999998,0.0,2023,0.0,0.0,0.0,0.0
890,36,白萝卜,水浇地,第二季,4000.0,2.5,500.0,100000.0,D5,10.0,0,10.0,1.0,2023,40000.0,10.0,5000.0,0.0
891,36,白萝卜,水浇地,第二季,4000.0,2.5,500.0,100000.0,D6,12.0,0,3.6,0.0,2023,0.0,0.0,0.0,0.0
892,36,白萝卜,水浇地,第二季,4000.0,2.5,500.0,100000.0,D7,22.0,0,6.6,0.0,2023,0.0,0.0,0.0,0.0
893,36,白萝卜,水浇地,第二季,4000.0,2.5,500.0,100000.0,D8,20.0,0,6.0,0.0,2023,0.0,0.0,0.0,0.0
894,37,红萝卜,水浇地,第二季,3000.0,3.25,500.0,36000.0,D1,15.0,0,4.5,0.0,2023,0.0,0.0,0.0,0.0
895,37,红萝卜,水浇地,第二季,3000.0,3.25,500.0,36000.0,D2,10.0,0,3.0,0.0,2023,0.0,0.0,0.0,0.0
896,37,红萝卜,水浇地,第二季,3000.0,3.25,500.0,36000.0,D3,14.0,0,4.2,0.0,2023,0.0,0.0,0.0,0.0
897,37,红萝卜,水浇地,第二季,3000.0,3.25,500.0,36000.0,D4,6.0,0,1.7999999999999998,0.0,2023,0.0,0.0,0.0,0.0
898,37,红萝卜,水浇地,第二季,3000.0,3.25,500.0,36000.0,D5,10.0,0,3.0,0.0,2023,0.0,0.0,0.0,0.0
899,37,红萝卜,水浇地,第二季,3000.0,3.25,500.0,36000.0,D6,12.0,0,12.0,1.0,2023,36000.0,12.0,6000.0,0.0
900,37,红萝卜,水浇地,第二季,3000.0,3.25,500.0,36000.0,D7,22.0,0,6.6,0.0,2023,0.0,0.0,0.0,0.0
901,37,红萝卜,水浇地,第二季,3000.0,3.25,500.0,36000.0,D8,20.0,0,6.0,0.0,2023,0.0,0.0,0.0,0.0
902,38,榆黄菇,普通大棚,第二季,5000.0,57.5,3000.0,9000.0,E1,0.6,0,0.6,1.0,2023,3000.0,0.6,1800.0,0.0
903,38,榆黄菇,普通大棚,第二季,5000.0,57.5,3000.0,9000.0,E2,0.6,0,0.6,1.0,2023,3000.0,0.6,1800.0,0.0
904,38,榆黄菇,普通大棚,第二季,5000.0,57.5,3000.0,9000.0,E3,0.6,0,0.6,1.0,2023,3000.0,0.6,1800.0,0.0
905,38,榆黄菇,普通大棚,第二季,5000.0,57.5,3000.0,9000.0,E4,0.6,0,0.18,0.0,2023,0.0,0.0,0.0,0.0
906,38,榆黄菇,普通大棚,第二季,5000.0,57.5,3000.0,9000.0,E5,0.6,0,0.18,0.0,2023,0.0,0.0,0.0,0.0
907,38,榆黄菇,普通大棚,第二季,5000.0,57.5,3000.0,9000.0,E6,0.6,0,0.18,0.0,2023,0.0,0.0,0.0,0.0
908,38,榆黄菇,普通大棚,第二季,5000.0,57.5,3000.0,9000.0,E7,0.6,0,0.18,0.0,2023,0.0,0.0,0.0,0.0
909,38,榆黄菇,普通大棚,第二季,5000.0,57.5,3000.0,9000.0,E8,0.6,0,0.18,0.0,2023,0.0,0.0,0.0,0.0
910,38,榆黄菇,普通大棚,第二季,5000.0,57.5,3000.0,9000.0,E9,0.6,0,0.18,0.0,2023,0.0,0.0,0.0,0.0
911,38,榆黄菇,普通大棚,第二季,5000.0,57.5,3000.0,9000.0,E10,0.6,0,0.18,0.0,2023,0.0,0.0,0.0,0.0
912,38,榆黄菇,普通大棚,第二季,5000.0,57.5,3000.0,9000.0,E11,0.6,0,0.18,0.0,2023,0.0,0.0,0.0,0.0
913,38,榆黄菇,普通大棚,第二季,5000.0,57.5,3000.0,9000.0,E12,0.6,0,0.18,0.0,2023,0.0,0.0,0.0,0.0
914,38,榆黄菇,普通大棚,第二季,5000.0,57.5,3000.0,9000.0,E13,0.6,0,0.18,0.0,2023,0.0,0.0,0.0,0.0
915,38,榆黄菇,普通大棚,第二季,5000.0,57.5,3000.0,9000.0,E14,0.6,0,0.18,0.0,2023,0.0,0.0,0.0,0.0
916,38,榆黄菇,普通大棚,第二季,5000.0,57.5,3000.0,9000.0,E15,0.6,0,0.18,0.0,2023,0.0,0.0,0.0,0.0
917,38,榆黄菇,普通大棚,第二季,5000.0,57.5,3000.0,9000.0,E16,0.6,0,0.18,0.0,2023,0.0,0.0,0.0,0.0
918,39,香菇,普通大棚,第二季,4000.0,19.0,2000.0,7199.999999999999,E1,0.6,0,0.18,0.0,2023,0.0,0.0,0.0,0.0
919,39,香菇,普通大棚,第二季,4000.0,19.0,2000.0,7199.999999999999,E2,0.6,0,0.18,0.0,2023,0.0,0.0,0.0,0.0
920,39,香菇,普通大棚,第二季,4000.0,19.0,2000.0,7199.999999999999,E3,0.6,0,0.18,0.0,2023,0.0,0.0,0.0,0.0
921,39,香菇,普通大棚,第二季,4000.0,19.0,2000.0,7199.999999999999,E4,0.6,0,0.6,1.0,2023,2400.0,0.6,1200.0,0.0
922,39,香菇,普通大棚,第二季,4000.0,19.0,2000.0,7199.999999999999,E5,0.6,0,0.6,1.0,2023,2400.0,0.6,1200.0,0.0
923,39,香菇,普通大棚,第二季,4000.0,19.0,2000.0,7199.999999999999,E6,0.6,0,0.6,1.0,2023,2400.0,0.6,1200.0,0.0
924,39,香菇,普通大棚,第二季,4000.0,19.0,2000.0,7199.999999999999,E7,0.6,0,0.18,0.0,2023,0.0,0.0,0.0,0.0
925,39,香菇,普通大棚,第二季,4000.0,19.0,2000.0,7199.999999999999,E8,0.6,0,0.18,0.0,2023,0.0,0.0,0.0,0.0
926,39,香菇,普通大棚,第二季,4000.0,19.0,2000.0,7199.999999999999,E9,0.6,0,0.18,0.0,2023,0.0,0.0,0.0,0.0
927,39,香菇,普通大棚,第二季,4000.0,19.0,2000.0,7199.999999999999,E10,0.6,0,0.18,0.0,2023,0.0,0.0,0.0,0.0
928,39,香菇,普通大棚,第二季,4000.0,19.0,2000.0,7199.999999999999,E11,0.6,0,0.18,0.0,2023,0.0,0.0,0.0,0.0
929,39,香菇,普通大棚,第二季,4000.0,19.0,2000.0,7199.999999999999,E12,0.6,0,0.18,0.0,2023,0.0,0.0,0.0,0.0
930,39,香菇,普通大棚,第二季,4000.0,19.0,2000.0,7199.999999999999,E13,0.6,0,0.18,0.0,2023,0.0,0.0,0.0,0.0
931,39,香菇,普通大棚,第二季,4000.0,19.0,2000.0,7199.999999999999,E14,0.6,0,0.18,0.0,2023,0.0,0.0,0.0,0.0
932,39,香菇,普通大棚,第二季,4000.0,19.0,2000.0,7199.999999999999,E15,0.6,0,0.18,0.0,2023,0.0,0.0,0.0,0.0
933,39,香菇,普通大棚,第二季,4000.0,19.0,2000.0,7199.999999999999,E16,0.6,0,0.18,0.0,2023,0.0,0.0,0.0,0.0
934,40,白灵菇,普通大棚,第二季,10000.0,16.0,10000.0,18000.0,E1,0.6,0,0.18,0.0,2023,0.0,0.0,0.0,0.0
935,40,白灵菇,普通大棚,第二季,10000.0,16.0,10000.0,18000.0,E2,0.6,0,0.18,0.0,2023,0.0,0.0,0.0,0.0
936,40,白灵菇,普通大棚,第二季,10000.0,16.0,10000.0,18000.0,E3,0.6,0,0.18,0.0,2023,0.0,0.0,0.0,0.0
937,40,白灵菇,普通大棚,第二季,10000.0,16.0,10000.0,18000.0,E4,0.6,0,0.18,0.0,2023,0.0,0.0,0.0,0.0
938,40,白灵菇,普通大棚,第二季,10000.0,16.0,10000.0,18000.0,E5,0.6,0,0.18,0.0,2023,0.0,0.0,0.0,0.0
939,40,白灵菇,普通大棚,第二季,10000.0,16.0,10000.0,18000.0,E6,0.6,0,0.18,0.0,2023,0.0,0.0,0.0,0.0
940,40,白灵菇,普通大棚,第二季,10000.0,16.0,10000.0,18000.0,E7,0.6,0,0.6,1.0,2023,6000.0,0.6,6000.0,0.0
941,40,白灵菇,普通大棚,第二季,10000.0,16.0,10000.0,18000.0,E8,0.6,0,0.6,1.0,2023,6000.0,0.6,6000.0,0.0
942,40,白灵菇,普通大棚,第二季,10000.0,16.0,10000.0,18000.0,E9,0.6,0,0.6,1.0,2023,6000.0,0.6,6000.0,0.0
943,40,白灵菇,普通大棚,第二季,10000.0,16.0,10000.0,18000.0,E10,0.6,0,0.18,0.0,2023,0.0,0.0,0.0,0.0
944,40,白灵菇,普通大棚,第二季,10000.0,16.0,10000.0,18000.0,E11,0.6,0,0.18,0.0,2023,0.0,0.0,0.0,0.0
945,40,白灵菇,普通大棚,第二季,10000.0,16.0,10000.0,18000.0,E12,0.6,0,0.18,0.0,2023,0.0,0.0,0.0,0.0
946,40,白灵菇,普通大棚,第二季,10000.0,16.0,10000.0,18000.0,E13,0.6,0,0.18,0.0,2023,0.0,0.0,0.0,0.0
947,40,白灵菇,普通大棚,第二季,10000.0,16.0,10000.0,18000.0,E14,0.6,0,0.18,0.0,2023,0.0,0.0,0.0,0.0
948,40,白灵菇,普通大棚,第二季,10000.0,16.0,10000.0,18000.0,E15,0.6,0,0.18,0.0,2023,0.0,0.0,0.0,0.0
949,40,白灵菇,普通大棚,第二季,10000.0,16.0,10000.0,18000.0,E16,0.6,0,0.18,0.0,2023,0.0,0.0,0.0,0.0
950,41,羊肚菌,普通大棚,第二季,1000.0,100.0,10000.0,4200.0,E1,0.6,0,0.18,0.0,2023,0.0,0.0,0.0,0.0
951,41,羊肚菌,普通大棚,第二季,1000.0,100.0,10000.0,4200.0,E2,0.6,0,0.18,0.0,2023,0.0,0.0,0.0,0.0
952,41,羊肚菌,普通大棚,第二季,1000.0,100.0,10000.0,4200.0,E3,0.6,0,0.18,0.0,2023,0.0,0.0,0.0,0.0
953,41,羊肚菌,普通大棚,第二季,1000.0,100.0,10000.0,4200.0,E4,0.6,0,0.18,0.0,2023,0.0,0.0,0.0,0.0
954,41,羊肚菌,普通大棚,第二季,1000.0,100.0,10000.0,4200.0,E5,0.6,0,0.18,0.0,2023,0.0,0.0,0.0,0.0
955,41,羊肚菌,普通大棚,第二季,1000.0,100.0,10000.0,4200.0,E6,0.6,0,0.18,0.0,2023,0.0,0.0,0.0,0.0
956,41,羊肚菌,普通大棚,第二季,1000.0,100.0,10000.0,4200.0,E7,0.6,0,0.18,0.0,2023,0.0,0.0,0.0,0.0
957,41,羊肚菌,普通大棚,第二季,1000.0,100.0,10000.0,4200.0,E8,0.6,0,0.18,0.0,2023,0.0,0.0,0.0,0.0
958,41,羊肚菌,普通大棚,第二季,1000.0,100.0,10000.0,4200.0,E9,0.6,0,0.18,0.0,2023,0.0,0.0,0.0,0.0
959,41,羊肚菌,普通大棚,第二季,1000.0,100.0,10000.0,4200.0,E10,0.6,0,0.6,1.0,2023,600.0,0.6,6000.0,0.0
960,41,羊肚菌,普通大棚,第二季,1000.0,100.0,10000.0,4200.0,E11,0.6,0,0.6,1.0,2023,600.0,0.6,6000.0,0.0
961,41,羊肚菌,普通大棚,第二季,1000.0,100.0,10000.0,4200.0,E12,0.6,0,0.6,1.0,2023,600.0,0.6,6000.0,0.0
962,41,羊肚菌,普通大棚,第二季,1000.0,100.0,10000.0,4200.0,E13,0.6,0,0.6,1.0,2023,600.0,0.6,6000.0,0.0
963,41,羊肚菌,普通大棚,第二季,1000.0,100.0,10000.0,4200.0,E14,0.6,0,0.6,1.0,2023,600.0,0.6,6000.0,0.0
964,41,羊肚菌,普通大棚,第二季,1000.0,100.0,10000.0,4200.0,E15,0.6,0,0.6,1.0,2023,600.0,0.6,6000.0,0.0
965,41,羊肚菌,普通大棚,第二季,1000.0,100.0,10000.0,4200.0,E16,0.6,0,0.6,1.0,2023,600.0,0.6,6000.0,0.0
