作物编号,作物名称,地块类型,种植季次,亩产量/斤,销售单价平均值/(元/斤),种植成本/(元/亩),预期销售量/斤,地块名称,地块面积/亩,豆类,评分
1,黄豆,平旱地,第一季,400.0,3.25,400.0,57000.0,A1,80.0,1,21.41400547
1,黄豆,平旱地,第一季,400.0,3.25,400.0,57000.0,A2,55.0,1,21.41400547
1,黄豆,平旱地,第一季,400.0,3.25,400.0,57000.0,A3,35.0,1,21.41400547
1,黄豆,平旱地,第一季,400.0,3.25,400.0,57000.0,A4,72.0,1,21.41400547
1,黄豆,平旱地,第一季,400.0,3.25,400.0,57000.0,A5,68.0,1,21.41400547
1,黄豆,平旱地,第一季,400.0,3.25,400.0,57000.0,A6,55.0,1,21.41400547
1,黄豆,梯田,第一季,380.0,3.25,400.0,57000.0,B1,60.0,1,21.36716808
1,黄豆,梯田,第一季,380.0,3.25,400.0,57000.0,B2,46.0,1,21.36716808
1,黄豆,梯田,第一季,380.0,3.25,400.0,57000.0,B3,40.0,1,21.36716808
1,黄豆,梯田,第一季,380.0,3.25,400.0,57000.0,B4,28.0,1,21.36716808
1,黄豆,梯田,第一季,380.0,3.25,400.0,57000.0,B5,25.0,1,21.36716808
1,黄豆,梯田,第一季,380.0,3.25,400.0,57000.0,B6,86.0,1,21.36716808
1,黄豆,梯田,第一季,380.0,3.25,400.0,57000.0,B7,55.0,1,21.36716808
1,黄豆,梯田,第一季,380.0,3.25,400.0,57000.0,B8,44.0,1,21.36716808
1,黄豆,梯田,第一季,380.0,3.25,400.0,57000.0,B9,50.0,1,21.36716808
1,黄豆,梯田,第一季,380.0,3.25,400.0,57000.0,B10,25.0,1,21.36716808
1,黄豆,梯田,第一季,380.0,3.25,400.0,57000.0,B11,60.0,1,21.36716808
1,黄豆,梯田,第一季,380.0,3.25,400.0,57000.0,B12,45.0,1,21.36716808
1,黄豆,梯田,第一季,380.0,3.25,400.0,57000.0,B13,35.0,1,21.36716808
1,黄豆,梯田,第一季,380.0,3.25,400.0,57000.0,B14,20.0,1,21.36716808
1,黄豆,山坡地,第一季,360.0,3.25,400.0,57000.0,C1,15.0,1,21.32033069
1,黄豆,山坡地,第一季,360.0,3.25,400.0,57000.0,C2,13.0,1,21.32033069
1,黄豆,山坡地,第一季,360.0,3.25,400.0,57000.0,C3,15.0,1,21.32033069
1,黄豆,山坡地,第一季,360.0,3.25,400.0,57000.0,C4,18.0,1,21.32033069
1,黄豆,山坡地,第一季,360.0,3.25,400.0,57000.0,C5,27.0,1,21.32033069
1,黄豆,山坡地,第一季,360.0,3.25,400.0,57000.0,C6,20.0,1,21.32033069
2,黑豆,平旱地,第一季,500.0,7.5,400.0,21850.0,A1,80.0,1,14.64573732
2,黑豆,平旱地,第一季,500.0,7.5,400.0,21850.0,A2,55.0,1,14.64573732
2,黑豆,平旱地,第一季,500.0,7.5,400.0,21850.0,A3,35.0,1,14.64573732
2,黑豆,平旱地,第一季,500.0,7.5,400.0,21850.0,A4,72.0,1,14.64573732
2,黑豆,平旱地,第一季,500.0,7.5,400.0,21850.0,A5,68.0,1,14.64573732
2,黑豆,平旱地,第一季,500.0,7.5,400.0,21850.0,A6,55.0,1,14.64573732
2,黑豆,梯田,第一季,475.0,7.5,400.0,21850.0,B1,60.0,1,14.58719059
2,黑豆,梯田,第一季,475.0,7.5,400.0,21850.0,B2,46.0,1,14.58719059
2,黑豆,梯田,第一季,475.0,7.5,400.0,21850.0,B3,40.0,1,14.58719059
2,黑豆,梯田,第一季,475.0,7.5,400.0,21850.0,B4,28.0,1,14.58719059
2,黑豆,梯田,第一季,475.0,7.5,400.0,21850.0,B5,25.0,1,14.58719059
2,黑豆,梯田,第一季,475.0,7.5,400.0,21850.0,B6,86.0,1,14.58719059
2,黑豆,梯田,第一季,475.0,7.5,400.0,21850.0,B7,55.0,1,14.58719059
2,黑豆,梯田,第一季,475.0,7.5,400.0,21850.0,B8,44.0,1,14.58719059
2,黑豆,梯田,第一季,475.0,7.5,400.0,21850.0,B9,50.0,1,14.58719059
2,黑豆,梯田,第一季,475.0,7.5,400.0,21850.0,B10,25.0,1,14.58719059
2,黑豆,梯田,第一季,475.0,7.5,400.0,21850.0,B11,60.0,1,14.58719059
2,黑豆,梯田,第一季,475.0,7.5,400.0,21850.0,B12,45.0,1,14.58719059
2,黑豆,梯田,第一季,475.0,7.5,400.0,21850.0,B13,35.0,1,14.58719059
2,黑豆,梯田,第一季,475.0,7.5,400.0,21850.0,B14,20.0,1,14.58719059
2,黑豆,山坡地,第一季,450.0,7.5,400.0,21850.0,C1,15.0,1,14.52864385
2,黑豆,山坡地,第一季,450.0,7.5,400.0,21850.0,C2,13.0,1,14.52864385
2,黑豆,山坡地,第一季,450.0,7.5,400.0,21850.0,C3,15.0,1,14.52864385
2,黑豆,山坡地,第一季,450.0,7.5,400.0,21850.0,C4,18.0,1,14.52864385
2,黑豆,山坡地,第一季,450.0,7.5,400.0,21850.0,C5,27.0,1,14.52864385
2,黑豆,山坡地,第一季,450.0,7.5,400.0,21850.0,C6,20.0,1,14.52864385
3,红豆,平旱地,第一季,400.0,8.25,350.0,22400.0,A1,80.0,1,15.32947719
3,红豆,平旱地,第一季,400.0,8.25,350.0,22400.0,A2,55.0,1,15.32947719
3,红豆,平旱地,第一季,400.0,8.25,350.0,22400.0,A3,35.0,1,15.32947719
3,红豆,平旱地,第一季,400.0,8.25,350.0,22400.0,A4,72.0,1,15.32947719
3,红豆,平旱地,第一季,400.0,8.25,350.0,22400.0,A5,68.0,1,15.32947719
3,红豆,平旱地,第一季,400.0,8.25,350.0,22400.0,A6,55.0,1,15.32947719
3,红豆,梯田,第一季,380.0,8.25,350.0,22400.0,B1,60.0,1,15.2826398
3,红豆,梯田,第一季,380.0,8.25,350.0,22400.0,B2,46.0,1,15.2826398
3,红豆,梯田,第一季,380.0,8.25,350.0,22400.0,B3,40.0,1,15.2826398
3,红豆,梯田,第一季,380.0,8.25,350.0,22400.0,B4,28.0,1,15.2826398
3,红豆,梯田,第一季,380.0,8.25,350.0,22400.0,B5,25.0,1,15.2826398
3,红豆,梯田,第一季,380.0,8.25,350.0,22400.0,B6,86.0,1,15.2826398
3,红豆,梯田,第一季,380.0,8.25,350.0,22400.0,B7,55.0,1,15.2826398
3,红豆,梯田,第一季,380.0,8.25,350.0,22400.0,B8,44.0,1,15.2826398
3,红豆,梯田,第一季,380.0,8.25,350.0,22400.0,B9,50.0,1,15.2826398
3,红豆,梯田,第一季,380.0,8.25,350.0,22400.0,B10,25.0,1,15.2826398
3,红豆,梯田,第一季,380.0,8.25,350.0,22400.0,B11,60.0,1,15.2826398
3,红豆,梯田,第一季,380.0,8.25,350.0,22400.0,B12,45.0,1,15.2826398
3,红豆,梯田,第一季,380.0,8.25,350.0,22400.0,B13,35.0,1,15.2826398
3,红豆,梯田,第一季,380.0,8.25,350.0,22400.0,B14,20.0,1,15.2826398
3,红豆,山坡地,第一季,360.0,8.25,350.0,22400.0,C1,15.0,1,15.23580242
3,红豆,山坡地,第一季,360.0,8.25,350.0,22400.0,C2,13.0,1,15.23580242
3,红豆,山坡地,第一季,360.0,8.25,350.0,22400.0,C3,15.0,1,15.23580242
3,红豆,山坡地,第一季,360.0,8.25,350.0,22400.0,C4,18.0,1,15.23580242
3,红豆,山坡地,第一季,360.0,8.25,350.0,22400.0,C5,27.0,1,15.23580242
3,红豆,山坡地,第一季,360.0,8.25,350.0,22400.0,C6,20.0,1,15.23580242
4,绿豆,平旱地,第一季,350.0,7.0,350.0,33040.0,A1,80.0,1,17.3679078
4,绿豆,平旱地,第一季,350.0,7.0,350.0,33040.0,A2,55.0,1,17.3679078
4,绿豆,平旱地,第一季,350.0,7.0,350.0,33040.0,A3,35.0,1,17.3679078
4,绿豆,平旱地,第一季,350.0,7.0,350.0,33040.0,A4,72.0,1,17.3679078
4,绿豆,平旱地,第一季,350.0,7.0,350.0,33040.0,A5,68.0,1,17.3679078
4,绿豆,平旱地,第一季,350.0,7.0,350.0,33040.0,A6,55.0,1,17.3679078
4,绿豆,梯田,第一季,330.0,7.0,350.0,33040.0,B1,60.0,1,17.32107041
4,绿豆,梯田,第一季,330.0,7.0,350.0,33040.0,B2,46.0,1,17.32107041
4,绿豆,梯田,第一季,330.0,7.0,350.0,33040.0,B3,40.0,1,17.32107041
4,绿豆,梯田,第一季,330.0,7.0,350.0,33040.0,B4,28.0,1,17.32107041
4,绿豆,梯田,第一季,330.0,7.0,350.0,33040.0,B5,25.0,1,17.32107041
4,绿豆,梯田,第一季,330.0,7.0,350.0,33040.0,B6,86.0,1,17.32107041
4,绿豆,梯田,第一季,330.0,7.0,350.0,33040.0,B7,55.0,1,17.32107041
4,绿豆,梯田,第一季,330.0,7.0,350.0,33040.0,B8,44.0,1,17.32107041
4,绿豆,梯田,第一季,330.0,7.0,350.0,33040.0,B9,50.0,1,17.32107041
4,绿豆,梯田,第一季,330.0,7.0,350.0,33040.0,B10,25.0,1,17.32107041
4,绿豆,梯田,第一季,330.0,7.0,350.0,33040.0,B11,60.0,1,17.32107041
4,绿豆,梯田,第一季,330.0,7.0,350.0,33040.0,B12,45.0,1,17.32107041
4,绿豆,梯田,第一季,330.0,7.0,350.0,33040.0,B13,35.0,1,17.32107041
4,绿豆,梯田,第一季,330.0,7.0,350.0,33040.0,B14,20.0,1,17.32107041
4,绿豆,山坡地,第一季,315.0,7.0,350.0,33040.0,C1,15.0,1,17.28594237
4,绿豆,山坡地,第一季,315.0,7.0,350.0,33040.0,C2,13.0,1,17.28594237
4,绿豆,山坡地,第一季,315.0,7.0,350.0,33040.0,C3,15.0,1,17.28594237
4,绿豆,山坡地,第一季,315.0,7.0,350.0,33040.0,C4,18.0,1,17.28594237
4,绿豆,山坡地,第一季,315.0,7.0,350.0,33040.0,C5,27.0,1,17.28594237
4,绿豆,山坡地,第一季,315.0,7.0,350.0,33040.0,C6,20.0,1,17.28594237
5,爬豆,平旱地,第一季,415.0,6.75,350.0,9875.0,A1,80.0,1,9.906611366
5,爬豆,平旱地,第一季,415.0,6.75,350.0,9875.0,A2,55.0,1,9.906611366
5,爬豆,平旱地,第一季,415.0,6.75,350.0,9875.0,A3,35.0,1,9.906611366
5,爬豆,平旱地,第一季,415.0,6.75,350.0,9875.0,A4,72.0,1,9.906611366
5,爬豆,平旱地,第一季,415.0,6.75,350.0,9875.0,A5,68.0,1,9.906611366
5,爬豆,平旱地,第一季,415.0,6.75,350.0,9875.0,A6,55.0,1,9.906611366
5,爬豆,梯田,第一季,395.0,6.75,350.0,9875.0,B1,60.0,1,9.859773978
5,爬豆,梯田,第一季,395.0,6.75,350.0,9875.0,B2,46.0,1,9.859773978
5,爬豆,梯田,第一季,395.0,6.75,350.0,9875.0,B3,40.0,1,9.859773978
5,爬豆,梯田,第一季,395.0,6.75,350.0,9875.0,B4,28.0,1,9.859773978
5,爬豆,梯田,第一季,395.0,6.75,350.0,9875.0,B5,25.0,1,9.859773978
5,爬豆,梯田,第一季,395.0,6.75,350.0,9875.0,B6,86.0,1,9.859773978
5,爬豆,梯田,第一季,395.0,6.75,350.0,9875.0,B7,55.0,1,9.859773978
5,爬豆,梯田,第一季,395.0,6.75,350.0,9875.0,B8,44.0,1,9.859773978
5,爬豆,梯田,第一季,395.0,6.75,350.0,9875.0,B9,50.0,1,9.859773978
5,爬豆,梯田,第一季,395.0,6.75,350.0,9875.0,B10,25.0,1,9.859773978
5,爬豆,梯田,第一季,395.0,6.75,350.0,9875.0,B11,60.0,1,9.859773978
5,爬豆,梯田,第一季,395.0,6.75,350.0,9875.0,B12,45.0,1,9.859773978
5,爬豆,梯田,第一季,395.0,6.75,350.0,9875.0,B13,35.0,1,9.859773978
5,爬豆,梯田,第一季,395.0,6.75,350.0,9875.0,B14,20.0,1,9.859773978
5,爬豆,山坡地,第一季,375.0,6.75,350.0,9875.0,C1,15.0,1,9.812936591
5,爬豆,山坡地,第一季,375.0,6.75,350.0,9875.0,C2,13.0,1,9.812936591
5,爬豆,山坡地,第一季,375.0,6.75,350.0,9875.0,C3,15.0,1,9.812936591
5,爬豆,山坡地,第一季,375.0,6.75,350.0,9875.0,C4,18.0,1,9.812936591
5,爬豆,山坡地,第一季,375.0,6.75,350.0,9875.0,C5,27.0,1,9.812936591
5,爬豆,山坡地,第一季,375.0,6.75,350.0,9875.0,C6,20.0,1,9.812936591
6,小麦,平旱地,第一季,800.0,3.5,450.0,170840.0,A1,80.0,0,58.79828283
6,小麦,平旱地,第一季,800.0,3.5,450.0,170840.0,A2,55.0,0,58.79828283
6,小麦,平旱地,第一季,800.0,3.5,450.0,170840.0,A3,35.0,0,58.79828283
6,小麦,平旱地,第一季,800.0,3.5,450.0,170840.0,A4,72.0,0,58.79828283
6,小麦,平旱地,第一季,800.0,3.5,450.0,170840.0,A5,68.0,0,58.79828283
6,小麦,平旱地,第一季,800.0,3.5,450.0,170840.0,A6,55.0,0,58.79828283
6,小麦,梯田,第一季,760.0,3.5,450.0,170840.0,B1,60.0,0,58.70460806
6,小麦,梯田,第一季,760.0,3.5,450.0,170840.0,B2,46.0,0,58.70460806
6,小麦,梯田,第一季,760.0,3.5,450.0,170840.0,B3,40.0,0,58.70460806
6,小麦,梯田,第一季,760.0,3.5,450.0,170840.0,B4,28.0,0,58.70460806
6,小麦,梯田,第一季,760.0,3.5,450.0,170840.0,B5,25.0,0,58.70460806
6,小麦,梯田,第一季,760.0,3.5,450.0,170840.0,B6,86.0,0,58.70460806
6,小麦,梯田,第一季,760.0,3.5,450.0,170840.0,B7,55.0,0,58.70460806
6,小麦,梯田,第一季,760.0,3.5,450.0,170840.0,B8,44.0,0,58.70460806
6,小麦,梯田,第一季,760.0,3.5,450.0,170840.0,B9,50.0,0,58.70460806
6,小麦,梯田,第一季,760.0,3.5,450.0,170840.0,B10,25.0,0,58.70460806
6,小麦,梯田,第一季,760.0,3.5,450.0,170840.0,B11,60.0,0,58.70460806
6,小麦,梯田,第一季,760.0,3.5,450.0,170840.0,B12,45.0,0,58.70460806
6,小麦,梯田,第一季,760.0,3.5,450.0,170840.0,B13,35.0,0,58.70460806
6,小麦,梯田,第一季,760.0,3.5,450.0,170840.0,B14,20.0,0,58.70460806
6,小麦,山坡地,第一季,720.0,3.5,450.0,170840.0,C1,15.0,0,58.61093328
6,小麦,山坡地,第一季,720.0,3.5,450.0,170840.0,C2,13.0,0,58.61093328
6,小麦,山坡地,第一季,720.0,3.5,450.0,170840.0,C3,15.0,0,58.61093328
6,小麦,山坡地,第一季,720.0,3.5,450.0,170840.0,C4,18.0,0,58.61093328
6,小麦,山坡地,第一季,720.0,3.5,450.0,170840.0,C5,27.0,0,58.61093328
6,小麦,山坡地,第一季,720.0,3.5,450.0,170840.0,C6,20.0,0,58.61093328
7,玉米,平旱地,第一季,1000.0,3.0,500.0,132750.0,A1,80.0,0,46.65458073
7,玉米,平旱地,第一季,1000.0,3.0,500.0,132750.0,A2,55.0,0,46.65458073
7,玉米,平旱地,第一季,1000.0,3.0,500.0,132750.0,A3,35.0,0,46.65458073
7,玉米,平旱地,第一季,1000.0,3.0,500.0,132750.0,A4,72.0,0,46.65458073
7,玉米,平旱地,第一季,1000.0,3.0,500.0,132750.0,A5,68.0,0,46.65458073
7,玉米,平旱地,第一季,1000.0,3.0,500.0,132750.0,A6,55.0,0,46.65458073
7,玉米,梯田,第一季,950.0,3.0,500.0,132750.0,B1,60.0,0,46.53748726
7,玉米,梯田,第一季,950.0,3.0,500.0,132750.0,B2,46.0,0,46.53748726
7,玉米,梯田,第一季,950.0,3.0,500.0,132750.0,B3,40.0,0,46.53748726
7,玉米,梯田,第一季,950.0,3.0,500.0,132750.0,B4,28.0,0,46.53748726
7,玉米,梯田,第一季,950.0,3.0,500.0,132750.0,B5,25.0,0,46.53748726
7,玉米,梯田,第一季,950.0,3.0,500.0,132750.0,B6,86.0,0,46.53748726
7,玉米,梯田,第一季,950.0,3.0,500.0,132750.0,B7,55.0,0,46.53748726
7,玉米,梯田,第一季,950.0,3.0,500.0,132750.0,B8,44.0,0,46.53748726
7,玉米,梯田,第一季,950.0,3.0,500.0,132750.0,B9,50.0,0,46.53748726
7,玉米,梯田,第一季,950.0,3.0,500.0,132750.0,B10,25.0,0,46.53748726
7,玉米,梯田,第一季,950.0,3.0,500.0,132750.0,B11,60.0,0,46.53748726
7,玉米,梯田,第一季,950.0,3.0,500.0,132750.0,B12,45.0,0,46.53748726
7,玉米,梯田,第一季,950.0,3.0,500.0,132750.0,B13,35.0,0,46.53748726
7,玉米,梯田,第一季,950.0,3.0,500.0,132750.0,B14,20.0,0,46.53748726
7,玉米,山坡地,第一季,900.0,3.0,500.0,132750.0,C1,15.0,0,46.42039379
7,玉米,山坡地,第一季,900.0,3.0,500.0,132750.0,C2,13.0,0,46.42039379
7,玉米,山坡地,第一季,900.0,3.0,500.0,132750.0,C3,15.0,0,46.42039379
7,玉米,山坡地,第一季,900.0,3.0,500.0,132750.0,C4,18.0,0,46.42039379
7,玉米,山坡地,第一季,900.0,3.0,500.0,132750.0,C5,27.0,0,46.42039379
7,玉米,山坡地,第一季,900.0,3.0,500.0,132750.0,C6,20.0,0,46.42039379
8,谷子,平旱地,第一季,400.0,6.75,360.0,71400.0,A1,80.0,0,29.43879099
8,谷子,平旱地,第一季,400.0,6.75,360.0,71400.0,A2,55.0,0,29.43879099
8,谷子,平旱地,第一季,400.0,6.75,360.0,71400.0,A3,35.0,0,29.43879099
8,谷子,平旱地,第一季,400.0,6.75,360.0,71400.0,A4,72.0,0,29.43879099
8,谷子,平旱地,第一季,400.0,6.75,360.0,71400.0,A5,68.0,0,29.43879099
8,谷子,平旱地,第一季,400.0,6.75,360.0,71400.0,A6,55.0,0,29.43879099
8,谷子,梯田,第一季,380.0,6.75,360.0,71400.0,B1,60.0,0,29.3919536
8,谷子,梯田,第一季,380.0,6.75,360.0,71400.0,B2,46.0,0,29.3919536
8,谷子,梯田,第一季,380.0,6.75,360.0,71400.0,B3,40.0,0,29.3919536
8,谷子,梯田,第一季,380.0,6.75,360.0,71400.0,B4,28.0,0,29.3919536
8,谷子,梯田,第一季,380.0,6.75,360.0,71400.0,B5,25.0,0,29.3919536
8,谷子,梯田,第一季,380.0,6.75,360.0,71400.0,B6,86.0,0,29.3919536
8,谷子,梯田,第一季,380.0,6.75,360.0,71400.0,B7,55.0,0,29.3919536
8,谷子,梯田,第一季,380.0,6.75,360.0,71400.0,B8,44.0,0,29.3919536
8,谷子,梯田,第一季,380.0,6.75,360.0,71400.0,B9,50.0,0,29.3919536
8,谷子,梯田,第一季,380.0,6.75,360.0,71400.0,B10,25.0,0,29.3919536
8,谷子,梯田,第一季,380.0,6.75,360.0,71400.0,B11,60.0,0,29.3919536
8,谷子,梯田,第一季,380.0,6.75,360.0,71400.0,B12,45.0,0,29.3919536
8,谷子,梯田,第一季,380.0,6.75,360.0,71400.0,B13,35.0,0,29.3919536
8,谷子,梯田,第一季,380.0,6.75,360.0,71400.0,B14,20.0,0,29.3919536
8,谷子,山坡地,第一季,360.0,6.75,360.0,71400.0,C1,15.0,0,29.34511622
8,谷子,山坡地,第一季,360.0,6.75,360.0,71400.0,C2,13.0,0,29.34511622
8,谷子,山坡地,第一季,360.0,6.75,360.0,71400.0,C3,15.0,0,29.34511622
8,谷子,山坡地,第一季,360.0,6.75,360.0,71400.0,C4,18.0,0,29.34511622
8,谷子,山坡地,第一季,360.0,6.75,360.0,71400.0,C5,27.0,0,29.34511622
8,谷子,山坡地,第一季,360.0,6.75,360.0,71400.0,C6,20.0,0,29.34511622
9,高粱,平旱地,第一季,630.0,6.0,400.0,30000.0,A1,80.0,0,16.06802071
9,高粱,平旱地,第一季,630.0,6.0,400.0,30000.0,A2,55.0,0,16.06802071
9,高粱,平旱地,第一季,630.0,6.0,400.0,30000.0,A3,35.0,0,16.06802071
9,高粱,平旱地,第一季,630.0,6.0,400.0,30000.0,A4,72.0,0,16.06802071
9,高粱,平旱地,第一季,630.0,6.0,400.0,30000.0,A5,68.0,0,16.06802071
9,高粱,平旱地,第一季,630.0,6.0,400.0,30000.0,A6,55.0,0,16.06802071
9,高粱,梯田,第一季,600.0,6.0,400.0,30000.0,B1,60.0,0,15.99776463
9,高粱,梯田,第一季,600.0,6.0,400.0,30000.0,B2,46.0,0,15.99776463
9,高粱,梯田,第一季,600.0,6.0,400.0,30000.0,B3,40.0,0,15.99776463
9,高粱,梯田,第一季,600.0,6.0,400.0,30000.0,B4,28.0,0,15.99776463
9,高粱,梯田,第一季,600.0,6.0,400.0,30000.0,B5,25.0,0,15.99776463
9,高粱,梯田,第一季,600.0,6.0,400.0,30000.0,B6,86.0,0,15.99776463
9,高粱,梯田,第一季,600.0,6.0,400.0,30000.0,B7,55.0,0,15.99776463
9,高粱,梯田,第一季,600.0,6.0,400.0,30000.0,B8,44.0,0,15.99776463
9,高粱,梯田,第一季,600.0,6.0,400.0,30000.0,B9,50.0,0,15.99776463
9,高粱,梯田,第一季,600.0,6.0,400.0,30000.0,B10,25.0,0,15.99776463
9,高粱,梯田,第一季,600.0,6.0,400.0,30000.0,B11,60.0,0,15.99776463
9,高粱,梯田,第一季,600.0,6.0,400.0,30000.0,B12,45.0,0,15.99776463
9,高粱,梯田,第一季,600.0,6.0,400.0,30000.0,B13,35.0,0,15.99776463
9,高粱,梯田,第一季,600.0,6.0,400.0,30000.0,B14,20.0,0,15.99776463
9,高粱,山坡地,第一季,570.0,6.0,400.0,30000.0,C1,15.0,0,15.92750855
9,高粱,山坡地,第一季,570.0,6.0,400.0,30000.0,C2,13.0,0,15.92750855
9,高粱,山坡地,第一季,570.0,6.0,400.0,30000.0,C3,15.0,0,15.92750855
9,高粱,山坡地,第一季,570.0,6.0,400.0,30000.0,C4,18.0,0,15.92750855
9,高粱,山坡地,第一季,570.0,6.0,400.0,30000.0,C5,27.0,0,15.92750855
9,高粱,山坡地,第一季,570.0,6.0,400.0,30000.0,C6,20.0,0,15.92750855
10,黍子,平旱地,第一季,525.0,7.5,360.0,12500.0,A1,80.0,0,11.73511416
10,黍子,平旱地,第一季,525.0,7.5,360.0,12500.0,A2,55.0,0,11.73511416
10,黍子,平旱地,第一季,525.0,7.5,360.0,12500.0,A3,35.0,0,11.73511416
10,黍子,平旱地,第一季,525.0,7.5,360.0,12500.0,A4,72.0,0,11.73511416
10,黍子,平旱地,第一季,525.0,7.5,360.0,12500.0,A5,68.0,0,11.73511416
10,黍子,平旱地,第一季,525.0,7.5,360.0,12500.0,A6,55.0,0,11.73511416
10,黍子,梯田,第一季,500.0,7.5,360.0,12500.0,B1,60.0,0,11.67656743
10,黍子,梯田,第一季,500.0,7.5,360.0,12500.0,B2,46.0,0,11.67656743
10,黍子,梯田,第一季,500.0,7.5,360.0,12500.0,B3,40.0,0,11.67656743
10,黍子,梯田,第一季,500.0,7.5,360.0,12500.0,B4,28.0,0,11.67656743
10,黍子,梯田,第一季,500.0,7.5,360.0,12500.0,B5,25.0,0,11.67656743
10,黍子,梯田,第一季,500.0,7.5,360.0,12500.0,B6,86.0,0,11.67656743
10,黍子,梯田,第一季,500.0,7.5,360.0,12500.0,B7,55.0,0,11.67656743
10,黍子,梯田,第一季,500.0,7.5,360.0,12500.0,B8,44.0,0,11.67656743
10,黍子,梯田,第一季,500.0,7.5,360.0,12500.0,B9,50.0,0,11.67656743
10,黍子,梯田,第一季,500.0,7.5,360.0,12500.0,B10,25.0,0,11.67656743
10,黍子,梯田,第一季,500.0,7.5,360.0,12500.0,B11,60.0,0,11.67656743
10,黍子,梯田,第一季,500.0,7.5,360.0,12500.0,B12,45.0,0,11.67656743
10,黍子,梯田,第一季,500.0,7.5,360.0,12500.0,B13,35.0,0,11.67656743
10,黍子,梯田,第一季,500.0,7.5,360.0,12500.0,B14,20.0,0,11.67656743
10,黍子,山坡地,第一季,475.0,7.5,360.0,12500.0,C1,15.0,0,11.61802069
10,黍子,山坡地,第一季,475.0,7.5,360.0,12500.0,C2,13.0,0,11.61802069
10,黍子,山坡地,第一季,475.0,7.5,360.0,12500.0,C3,15.0,0,11.61802069
10,黍子,山坡地,第一季,475.0,7.5,360.0,12500.0,C4,18.0,0,11.61802069
10,黍子,山坡地,第一季,475.0,7.5,360.0,12500.0,C5,27.0,0,11.61802069
10,黍子,山坡地,第一季,475.0,7.5,360.0,12500.0,C6,20.0,0,11.61802069
11,荞麦,平旱地,第一季,110.0,40.0,350.0,1500.0,A1,80.0,0,39.20951442
11,荞麦,平旱地,第一季,110.0,40.0,350.0,1500.0,A2,55.0,0,39.20951442
11,荞麦,平旱地,第一季,110.0,40.0,350.0,1500.0,A3,35.0,0,39.20951442
11,荞麦,平旱地,第一季,110.0,40.0,350.0,1500.0,A4,72.0,0,39.20951442
11,荞麦,平旱地,第一季,110.0,40.0,350.0,1500.0,A5,68.0,0,39.20951442
11,荞麦,平旱地,第一季,110.0,40.0,350.0,1500.0,A6,55.0,0,39.20951442
11,荞麦,梯田,第一季,105.0,40.0,350.0,1500.0,B1,60.0,0,39.19780508
11,荞麦,梯田,第一季,105.0,40.0,350.0,1500.0,B2,46.0,0,39.19780508
11,荞麦,梯田,第一季,105.0,40.0,350.0,1500.0,B3,40.0,0,39.19780508
11,荞麦,梯田,第一季,105.0,40.0,350.0,1500.0,B4,28.0,0,39.19780508
11,荞麦,梯田,第一季,105.0,40.0,350.0,1500.0,B5,25.0,0,39.19780508
11,荞麦,梯田,第一季,105.0,40.0,350.0,1500.0,B6,86.0,0,39.19780508
11,荞麦,梯田,第一季,105.0,40.0,350.0,1500.0,B7,55.0,0,39.19780508
11,荞麦,梯田,第一季,105.0,40.0,350.0,1500.0,B8,44.0,0,39.19780508
11,荞麦,梯田,第一季,105.0,40.0,350.0,1500.0,B9,50.0,0,39.19780508
11,荞麦,梯田,第一季,105.0,40.0,350.0,1500.0,B10,25.0,0,39.19780508
11,荞麦,梯田,第一季,105.0,40.0,350.0,1500.0,B11,60.0,0,39.19780508
11,荞麦,梯田,第一季,105.0,40.0,350.0,1500.0,B12,45.0,0,39.19780508
11,荞麦,梯田,第一季,105.0,40.0,350.0,1500.0,B13,35.0,0,39.19780508
11,荞麦,梯田,第一季,105.0,40.0,350.0,1500.0,B14,20.0,0,39.19780508
11,荞麦,山坡地,第一季,100.0,40.0,350.0,1500.0,C1,15.0,0,39.18609573
11,荞麦,山坡地,第一季,100.0,40.0,350.0,1500.0,C2,13.0,0,39.18609573
11,荞麦,山坡地,第一季,100.0,40.0,350.0,1500.0,C3,15.0,0,39.18609573
11,荞麦,山坡地,第一季,100.0,40.0,350.0,1500.0,C4,18.0,0,39.18609573
11,荞麦,山坡地,第一季,100.0,40.0,350.0,1500.0,C5,27.0,0,39.18609573
11,荞麦,山坡地,第一季,100.0,40.0,350.0,1500.0,C6,20.0,0,39.18609573
12,南瓜,平旱地,第一季,3000.0,1.5,1000.0,35100.0,A1,80.0,0,18.74737896
12,南瓜,平旱地,第一季,3000.0,1.5,1000.0,35100.0,A2,55.0,0,18.74737896
12,南瓜,平旱地,第一季,3000.0,1.5,1000.0,35100.0,A3,35.0,0,18.74737896
12,南瓜,平旱地,第一季,3000.0,1.5,1000.0,35100.0,A4,72.0,0,18.74737896
12,南瓜,平旱地,第一季,3000.0,1.5,1000.0,35100.0,A5,68.0,0,18.74737896
12,南瓜,平旱地,第一季,3000.0,1.5,1000.0,35100.0,A6,55.0,0,18.74737896
12,南瓜,梯田,第一季,2850.0,1.5,1000.0,35100.0,B1,60.0,0,18.39609856
12,南瓜,梯田,第一季,2850.0,1.5,1000.0,35100.0,B2,46.0,0,18.39609856
12,南瓜,梯田,第一季,2850.0,1.5,1000.0,35100.0,B3,40.0,0,18.39609856
12,南瓜,梯田,第一季,2850.0,1.5,1000.0,35100.0,B4,28.0,0,18.39609856
12,南瓜,梯田,第一季,2850.0,1.5,1000.0,35100.0,B5,25.0,0,18.39609856
12,南瓜,梯田,第一季,2850.0,1.5,1000.0,35100.0,B6,86.0,0,18.39609856
12,南瓜,梯田,第一季,2850.0,1.5,1000.0,35100.0,B7,55.0,0,18.39609856
12,南瓜,梯田,第一季,2850.0,1.5,1000.0,35100.0,B8,44.0,0,18.39609856
12,南瓜,梯田,第一季,2850.0,1.5,1000.0,35100.0,B9,50.0,0,18.39609856
12,南瓜,梯田,第一季,2850.0,1.5,1000.0,35100.0,B10,25.0,0,18.39609856
12,南瓜,梯田,第一季,2850.0,1.5,1000.0,35100.0,B11,60.0,0,18.39609856
12,南瓜,梯田,第一季,2850.0,1.5,1000.0,35100.0,B12,45.0,0,18.39609856
12,南瓜,梯田,第一季,2850.0,1.5,1000.0,35100.0,B13,35.0,0,18.39609856
12,南瓜,梯田,第一季,2850.0,1.5,1000.0,35100.0,B14,20.0,0,18.39609856
12,南瓜,山坡地,第一季,2700.0,1.5,1000.0,35100.0,C1,15.0,0,18.04481815
12,南瓜,山坡地,第一季,2700.0,1.5,1000.0,35100.0,C2,13.0,0,18.04481815
12,南瓜,山坡地,第一季,2700.0,1.5,1000.0,35100.0,C3,15.0,0,18.04481815
12,南瓜,山坡地,第一季,2700.0,1.5,1000.0,35100.0,C4,18.0,0,18.04481815
12,南瓜,山坡地,第一季,2700.0,1.5,1000.0,35100.0,C5,27.0,0,18.04481815
12,南瓜,山坡地,第一季,2700.0,1.5,1000.0,35100.0,C6,20.0,0,18.04481815
13,红薯,平旱地,第一季,2200.0,3.25,2000.0,36000.0,A1,80.0,0,18.76354102
13,红薯,平旱地,第一季,2200.0,3.25,2000.0,36000.0,A2,55.0,0,18.76354102
13,红薯,平旱地,第一季,2200.0,3.25,2000.0,36000.0,A3,35.0,0,18.76354102
13,红薯,平旱地,第一季,2200.0,3.25,2000.0,36000.0,A4,72.0,0,18.76354102
13,红薯,平旱地,第一季,2200.0,3.25,2000.0,36000.0,A5,68.0,0,18.76354102
13,红薯,平旱地,第一季,2200.0,3.25,2000.0,36000.0,A6,55.0,0,18.76354102
13,红薯,梯田,第一季,2100.0,3.25,2000.0,36000.0,B1,60.0,0,18.52935409
13,红薯,梯田,第一季,2100.0,3.25,2000.0,36000.0,B2,46.0,0,18.52935409
13,红薯,梯田,第一季,2100.0,3.25,2000.0,36000.0,B3,40.0,0,18.52935409
13,红薯,梯田,第一季,2100.0,3.25,2000.0,36000.0,B4,28.0,0,18.52935409
13,红薯,梯田,第一季,2100.0,3.25,2000.0,36000.0,B5,25.0,0,18.52935409
13,红薯,梯田,第一季,2100.0,3.25,2000.0,36000.0,B6,86.0,0,18.52935409
13,红薯,梯田,第一季,2100.0,3.25,2000.0,36000.0,B7,55.0,0,18.52935409
13,红薯,梯田,第一季,2100.0,3.25,2000.0,36000.0,B8,44.0,0,18.52935409
13,红薯,梯田,第一季,2100.0,3.25,2000.0,36000.0,B9,50.0,0,18.52935409
13,红薯,梯田,第一季,2100.0,3.25,2000.0,36000.0,B10,25.0,0,18.52935409
13,红薯,梯田,第一季,2100.0,3.25,2000.0,36000.0,B11,60.0,0,18.52935409
13,红薯,梯田,第一季,2100.0,3.25,2000.0,36000.0,B12,45.0,0,18.52935409
13,红薯,梯田,第一季,2100.0,3.25,2000.0,36000.0,B13,35.0,0,18.52935409
13,红薯,梯田,第一季,2100.0,3.25,2000.0,36000.0,B14,20.0,0,18.52935409
13,红薯,山坡地,第一季,2000.0,3.25,2000.0,36000.0,C1,15.0,0,18.29516715
13,红薯,山坡地,第一季,2000.0,3.25,2000.0,36000.0,C2,13.0,0,18.29516715
13,红薯,山坡地,第一季,2000.0,3.25,2000.0,36000.0,C3,15.0,0,18.29516715
13,红薯,山坡地,第一季,2000.0,3.25,2000.0,36000.0,C4,18.0,0,18.29516715
13,红薯,山坡地,第一季,2000.0,3.25,2000.0,36000.0,C5,27.0,0,18.29516715
13,红薯,山坡地,第一季,2000.0,3.25,2000.0,36000.0,C6,20.0,0,18.29516715
14,莜麦,平旱地,第一季,420.0,5.5,400.0,14000.0,A1,80.0,0,9.995869538
14,莜麦,平旱地,第一季,420.0,5.5,400.0,14000.0,A2,55.0,0,9.995869538
14,莜麦,平旱地,第一季,420.0,5.5,400.0,14000.0,A3,35.0,0,9.995869538
14,莜麦,平旱地,第一季,420.0,5.5,400.0,14000.0,A4,72.0,0,9.995869538
14,莜麦,平旱地,第一季,420.0,5.5,400.0,14000.0,A5,68.0,0,9.995869538
14,莜麦,平旱地,第一季,420.0,5.5,400.0,14000.0,A6,55.0,0,9.995869538
14,莜麦,梯田,第一季,400.0,5.5,400.0,14000.0,B1,60.0,0,9.949032151
14,莜麦,梯田,第一季,400.0,5.5,400.0,14000.0,B2,46.0,0,9.949032151
14,莜麦,梯田,第一季,400.0,5.5,400.0,14000.0,B3,40.0,0,9.949032151
14,莜麦,梯田,第一季,400.0,5.5,400.0,14000.0,B4,28.0,0,9.949032151
14,莜麦,梯田,第一季,400.0,5.5,400.0,14000.0,B5,25.0,0,9.949032151
14,莜麦,梯田,第一季,400.0,5.5,400.0,14000.0,B6,86.0,0,9.949032151
14,莜麦,梯田,第一季,400.0,5.5,400.0,14000.0,B7,55.0,0,9.949032151
14,莜麦,梯田,第一季,400.0,5.5,400.0,14000.0,B8,44.0,0,9.949032151
14,莜麦,梯田,第一季,400.0,5.5,400.0,14000.0,B9,50.0,0,9.949032151
14,莜麦,梯田,第一季,400.0,5.5,400.0,14000.0,B10,25.0,0,9.949032151
14,莜麦,梯田,第一季,400.0,5.5,400.0,14000.0,B11,60.0,0,9.949032151
14,莜麦,梯田,第一季,400.0,5.5,400.0,14000.0,B12,45.0,0,9.949032151
14,莜麦,梯田,第一季,400.0,5.5,400.0,14000.0,B13,35.0,0,9.949032151
14,莜麦,梯田,第一季,400.0,5.5,400.0,14000.0,B14,20.0,0,9.949032151
14,莜麦,山坡地,第一季,380.0,5.5,400.0,14000.0,C1,15.0,0,9.902194764
14,莜麦,山坡地,第一季,380.0,5.5,400.0,14000.0,C2,13.0,0,9.902194764
14,莜麦,山坡地,第一季,380.0,5.5,400.0,14000.0,C3,15.0,0,9.902194764
14,莜麦,山坡地,第一季,380.0,5.5,400.0,14000.0,C4,18.0,0,9.902194764
14,莜麦,山坡地,第一季,380.0,5.5,400.0,14000.0,C5,27.0,0,9.902194764
14,莜麦,山坡地,第一季,380.0,5.5,400.0,14000.0,C6,20.0,0,9.902194764
15,大麦,平旱地,第一季,525.0,3.5,350.0,10000.0,A1,80.0,0,7.009600185
15,大麦,平旱地,第一季,525.0,3.5,350.0,10000.0,A2,55.0,0,7.009600185
15,大麦,平旱地,第一季,525.0,3.5,350.0,10000.0,A3,35.0,0,7.009600185
15,大麦,平旱地,第一季,525.0,3.5,350.0,10000.0,A4,72.0,0,7.009600185
15,大麦,平旱地,第一季,525.0,3.5,350.0,10000.0,A5,68.0,0,7.009600185
15,大麦,平旱地,第一季,525.0,3.5,350.0,10000.0,A6,55.0,0,7.009600185
15,大麦,梯田,第一季,500.0,3.5,350.0,10000.0,B1,60.0,0,6.951053451
15,大麦,梯田,第一季,500.0,3.5,350.0,10000.0,B2,46.0,0,6.951053451
15,大麦,梯田,第一季,500.0,3.5,350.0,10000.0,B3,40.0,0,6.951053451
15,大麦,梯田,第一季,500.0,3.5,350.0,10000.0,B4,28.0,0,6.951053451
15,大麦,梯田,第一季,500.0,3.5,350.0,10000.0,B5,25.0,0,6.951053451
15,大麦,梯田,第一季,500.0,3.5,350.0,10000.0,B6,86.0,0,6.951053451
15,大麦,梯田,第一季,500.0,3.5,350.0,10000.0,B7,55.0,0,6.951053451
15,大麦,梯田,第一季,500.0,3.5,350.0,10000.0,B8,44.0,0,6.951053451
15,大麦,梯田,第一季,500.0,3.5,350.0,10000.0,B9,50.0,0,6.951053451
15,大麦,梯田,第一季,500.0,3.5,350.0,10000.0,B10,25.0,0,6.951053451
15,大麦,梯田,第一季,500.0,3.5,350.0,10000.0,B11,60.0,0,6.951053451
15,大麦,梯田,第一季,500.0,3.5,350.0,10000.0,B12,45.0,0,6.951053451
15,大麦,梯田,第一季,500.0,3.5,350.0,10000.0,B13,35.0,0,6.951053451
15,大麦,梯田,第一季,500.0,3.5,350.0,10000.0,B14,20.0,0,6.951053451
15,大麦,山坡地,第一季,475.0,3.5,350.0,10000.0,C1,15.0,0,6.892506717
15,大麦,山坡地,第一季,475.0,3.5,350.0,10000.0,C2,13.0,0,6.892506717
15,大麦,山坡地,第一季,475.0,3.5,350.0,10000.0,C3,15.0,0,6.892506717
15,大麦,山坡地,第一季,475.0,3.5,350.0,10000.0,C4,18.0,0,6.892506717
15,大麦,山坡地,第一季,475.0,3.5,350.0,10000.0,C5,27.0,0,6.892506717
15,大麦,山坡地,第一季,475.0,3.5,350.0,10000.0,C6,20.0,0,6.892506717
16,水稻,水浇地,第一季,500.0,7.0,680.0,21000.0,D1,15.0,0,13.85128686
16,水稻,水浇地,第一季,500.0,7.0,680.0,21000.0,D2,10.0,0,13.85128686
16,水稻,水浇地,第一季,500.0,7.0,680.0,21000.0,D3,14.0,0,13.85128686
16,水稻,水浇地,第一季,500.0,7.0,680.0,21000.0,D4,6.0,0,13.85128686
16,水稻,水浇地,第一季,500.0,7.0,680.0,21000.0,D5,10.0,0,13.85128686
16,水稻,水浇地,第一季,500.0,7.0,680.0,21000.0,D6,12.0,0,13.85128686
16,水稻,水浇地,第一季,500.0,7.0,680.0,21000.0,D7,22.0,0,13.85128686
16,水稻,水浇地,第一季,500.0,7.0,680.0,21000.0,D8,20.0,0,13.85128686
17,豇豆,水浇地,第一季,3000.0,8.0,2400.0,36480.0,D1,15.0,1,25.41174781
17,豇豆,水浇地,第一季,3000.0,8.0,2400.0,36480.0,D2,10.0,1,25.41174781
17,豇豆,水浇地,第一季,3000.0,8.0,2400.0,36480.0,D3,14.0,1,25.41174781
17,豇豆,水浇地,第一季,3000.0,8.0,2400.0,36480.0,D4,6.0,1,25.41174781
17,豇豆,水浇地,第一季,3000.0,8.0,2400.0,36480.0,D5,10.0,1,25.41174781
17,豇豆,水浇地,第一季,3000.0,8.0,2400.0,36480.0,D6,12.0,1,25.41174781
17,豇豆,水浇地,第一季,3000.0,8.0,2400.0,36480.0,D7,22.0,1,25.41174781
17,豇豆,水浇地,第一季,3000.0,8.0,2400.0,36480.0,D8,20.0,1,25.41174781
17,豇豆,普通大棚,第一季,3600.0,8.0,2400.0,36480.0,E1,0.6,1,26.81686943
17,豇豆,普通大棚,第一季,3600.0,8.0,2400.0,36480.0,E2,0.6,1,26.81686943
17,豇豆,普通大棚,第一季,3600.0,8.0,2400.0,36480.0,E3,0.6,1,26.81686943
17,豇豆,普通大棚,第一季,3600.0,8.0,2400.0,36480.0,E4,0.6,1,26.81686943
17,豇豆,普通大棚,第一季,3600.0,8.0,2400.0,36480.0,E5,0.6,1,26.81686943
17,豇豆,普通大棚,第一季,3600.0,8.0,2400.0,36480.0,E6,0.6,1,26.81686943
17,豇豆,普通大棚,第一季,3600.0,8.0,2400.0,36480.0,E7,0.6,1,26.81686943
17,豇豆,普通大棚,第一季,3600.0,8.0,2400.0,36480.0,E8,0.6,1,26.81686943
17,豇豆,普通大棚,第一季,3600.0,8.0,2400.0,36480.0,E9,0.6,1,26.81686943
17,豇豆,普通大棚,第一季,3600.0,8.0,2400.0,36480.0,E10,0.6,1,26.81686943
17,豇豆,普通大棚,第一季,3600.0,8.0,2400.0,36480.0,E11,0.6,1,26.81686943
17,豇豆,普通大棚,第一季,3600.0,8.0,2400.0,36480.0,E12,0.6,1,26.81686943
17,豇豆,普通大棚,第一季,3600.0,8.0,2400.0,36480.0,E13,0.6,1,26.81686943
17,豇豆,普通大棚,第一季,3600.0,8.0,2400.0,36480.0,E14,0.6,1,26.81686943
17,豇豆,普通大棚,第一季,3600.0,8.0,2400.0,36480.0,E15,0.6,1,26.81686943
17,豇豆,普通大棚,第一季,3600.0,8.0,2400.0,36480.0,E16,0.6,1,26.81686943
17,豇豆,智慧大棚,第一季,3600.0,8.0,2400.0,36480.0,F1,0.6,1,26.81686943
17,豇豆,智慧大棚,第一季,3600.0,8.0,2400.0,36480.0,F2,0.6,1,26.81686943
17,豇豆,智慧大棚,第一季,3600.0,8.0,2400.0,36480.0,F3,0.6,1,26.81686943
17,豇豆,智慧大棚,第一季,3600.0,8.0,2400.0,36480.0,F4,0.6,1,26.81686943
18,刀豆,水浇地,第一季,2000.0,6.75,1200.0,26880.0,D1,15.0,1,18.92789303
18,刀豆,水浇地,第一季,2000.0,6.75,1200.0,26880.0,D2,10.0,1,18.92789303
18,刀豆,水浇地,第一季,2000.0,6.75,1200.0,26880.0,D3,14.0,1,18.92789303
18,刀豆,水浇地,第一季,2000.0,6.75,1200.0,26880.0,D4,6.0,1,18.92789303
18,刀豆,水浇地,第一季,2000.0,6.75,1200.0,26880.0,D5,10.0,1,18.92789303
18,刀豆,水浇地,第一季,2000.0,6.75,1200.0,26880.0,D6,12.0,1,18.92789303
18,刀豆,水浇地,第一季,2000.0,6.75,1200.0,26880.0,D7,22.0,1,18.92789303
18,刀豆,水浇地,第一季,2000.0,6.75,1200.0,26880.0,D8,20.0,1,18.92789303
18,刀豆,普通大棚,第一季,2400.0,6.75,1200.0,26880.0,E1,0.6,1,19.86464078
18,刀豆,普通大棚,第一季,2400.0,6.75,1200.0,26880.0,E2,0.6,1,19.86464078
18,刀豆,普通大棚,第一季,2400.0,6.75,1200.0,26880.0,E3,0.6,1,19.86464078
18,刀豆,普通大棚,第一季,2400.0,6.75,1200.0,26880.0,E4,0.6,1,19.86464078
18,刀豆,普通大棚,第一季,2400.0,6.75,1200.0,26880.0,E5,0.6,1,19.86464078
18,刀豆,普通大棚,第一季,2400.0,6.75,1200.0,26880.0,E6,0.6,1,19.86464078
18,刀豆,普通大棚,第一季,2400.0,6.75,1200.0,26880.0,E7,0.6,1,19.86464078
18,刀豆,普通大棚,第一季,2400.0,6.75,1200.0,26880.0,E8,0.6,1,19.86464078
18,刀豆,普通大棚,第一季,2400.0,6.75,1200.0,26880.0,E9,0.6,1,19.86464078
18,刀豆,普通大棚,第一季,2400.0,6.75,1200.0,26880.0,E10,0.6,1,19.86464078
18,刀豆,普通大棚,第一季,2400.0,6.75,1200.0,26880.0,E11,0.6,1,19.86464078
18,刀豆,普通大棚,第一季,2400.0,6.75,1200.0,26880.0,E12,0.6,1,19.86464078
18,刀豆,普通大棚,第一季,2400.0,6.75,1200.0,26880.0,E13,0.6,1,19.86464078
18,刀豆,普通大棚,第一季,2400.0,6.75,1200.0,26880.0,E14,0.6,1,19.86464078
18,刀豆,普通大棚,第一季,2400.0,6.75,1200.0,26880.0,E15,0.6,1,19.86464078
18,刀豆,普通大棚,第一季,2400.0,6.75,1200.0,26880.0,E16,0.6,1,19.86464078
18,刀豆,智慧大棚,第一季,2400.0,6.75,1200.0,26880.0,F1,0.6,1,19.86464078
18,刀豆,智慧大棚,第一季,2400.0,6.75,1200.0,26880.0,F2,0.6,1,19.86464078
18,刀豆,智慧大棚,第一季,2400.0,6.75,1200.0,26880.0,F3,0.6,1,19.86464078
18,刀豆,智慧大棚,第一季,2400.0,6.75,1200.0,26880.0,F4,0.6,1,19.86464078
19,芸豆,水浇地,第一季,3000.0,6.5,2400.0,6480.0,D1,15.0,1,14.395703
19,芸豆,水浇地,第一季,3000.0,6.5,2400.0,6480.0,D2,10.0,1,14.395703
19,芸豆,水浇地,第一季,3000.0,6.5,2400.0,6480.0,D3,14.0,1,14.395703
19,芸豆,水浇地,第一季,3000.0,6.5,2400.0,6480.0,D4,6.0,1,14.395703
19,芸豆,水浇地,第一季,3000.0,6.5,2400.0,6480.0,D5,10.0,1,14.395703
19,芸豆,水浇地,第一季,3000.0,6.5,2400.0,6480.0,D6,12.0,1,14.395703
19,芸豆,水浇地,第一季,3000.0,6.5,2400.0,6480.0,D7,22.0,1,14.395703
19,芸豆,水浇地,第一季,3000.0,6.5,2400.0,6480.0,D8,20.0,1,14.395703
19,芸豆,普通大棚,第一季,3600.0,6.5,2400.0,6480.0,E1,0.6,1,15.80082462
19,芸豆,普通大棚,第一季,3600.0,6.5,2400.0,6480.0,E2,0.6,1,15.80082462
19,芸豆,普通大棚,第一季,3600.0,6.5,2400.0,6480.0,E3,0.6,1,15.80082462
19,芸豆,普通大棚,第一季,3600.0,6.5,2400.0,6480.0,E4,0.6,1,15.80082462
19,芸豆,普通大棚,第一季,3600.0,6.5,2400.0,6480.0,E5,0.6,1,15.80082462
19,芸豆,普通大棚,第一季,3600.0,6.5,2400.0,6480.0,E6,0.6,1,15.80082462
19,芸豆,普通大棚,第一季,3600.0,6.5,2400.0,6480.0,E7,0.6,1,15.80082462
19,芸豆,普通大棚,第一季,3600.0,6.5,2400.0,6480.0,E8,0.6,1,15.80082462
19,芸豆,普通大棚,第一季,3600.0,6.5,2400.0,6480.0,E9,0.6,1,15.80082462
19,芸豆,普通大棚,第一季,3600.0,6.5,2400.0,6480.0,E10,0.6,1,15.80082462
19,芸豆,普通大棚,第一季,3600.0,6.5,2400.0,6480.0,E11,0.6,1,15.80082462
19,芸豆,普通大棚,第一季,3600.0,6.5,2400.0,6480.0,E12,0.6,1,15.80082462
19,芸豆,普通大棚,第一季,3600.0,6.5,2400.0,6480.0,E13,0.6,1,15.80082462
19,芸豆,普通大棚,第一季,3600.0,6.5,2400.0,6480.0,E14,0.6,1,15.80082462
19,芸豆,普通大棚,第一季,3600.0,6.5,2400.0,6480.0,E15,0.6,1,15.80082462
19,芸豆,普通大棚,第一季,3600.0,6.5,2400.0,6480.0,E16,0.6,1,15.80082462
19,芸豆,智慧大棚,第一季,3600.0,6.5,2400.0,6480.0,F1,0.6,1,15.80082462
19,芸豆,智慧大棚,第一季,3600.0,6.5,2400.0,6480.0,F2,0.6,1,15.80082462
19,芸豆,智慧大棚,第一季,3600.0,6.5,2400.0,6480.0,F3,0.6,1,15.80082462
19,芸豆,智慧大棚,第一季,3600.0,6.5,2400.0,6480.0,F4,0.6,1,15.80082462
20,土豆,水浇地,第一季,2000.0,3.75,2000.0,30000.0,D1,15.0,1,16.87826563
20,土豆,水浇地,第一季,2000.0,3.75,2000.0,30000.0,D2,10.0,1,16.87826563
20,土豆,水浇地,第一季,2000.0,3.75,2000.0,30000.0,D3,14.0,1,16.87826563
20,土豆,水浇地,第一季,2000.0,3.75,2000.0,30000.0,D4,6.0,1,16.87826563
20,土豆,水浇地,第一季,2000.0,3.75,2000.0,30000.0,D5,10.0,1,16.87826563
20,土豆,水浇地,第一季,2000.0,3.75,2000.0,30000.0,D6,12.0,1,16.87826563
20,土豆,水浇地,第一季,2000.0,3.75,2000.0,30000.0,D7,22.0,1,16.87826563
20,土豆,水浇地,第一季,2000.0,3.75,2000.0,30000.0,D8,20.0,1,16.87826563
20,土豆,普通大棚,第一季,2400.0,3.75,2000.0,30000.0,E1,0.6,1,17.81501337
20,土豆,普通大棚,第一季,2400.0,3.75,2000.0,30000.0,E2,0.6,1,17.81501337
20,土豆,普通大棚,第一季,2400.0,3.75,2000.0,30000.0,E3,0.6,1,17.81501337
20,土豆,普通大棚,第一季,2400.0,3.75,2000.0,30000.0,E4,0.6,1,17.81501337
20,土豆,普通大棚,第一季,2400.0,3.75,2000.0,30000.0,E5,0.6,1,17.81501337
20,土豆,普通大棚,第一季,2400.0,3.75,2000.0,30000.0,E6,0.6,1,17.81501337
20,土豆,普通大棚,第一季,2400.0,3.75,2000.0,30000.0,E7,0.6,1,17.81501337
20,土豆,普通大棚,第一季,2400.0,3.75,2000.0,30000.0,E8,0.6,1,17.81501337
20,土豆,普通大棚,第一季,2400.0,3.75,2000.0,30000.0,E9,0.6,1,17.81501337
20,土豆,普通大棚,第一季,2400.0,3.75,2000.0,30000.0,E10,0.6,1,17.81501337
20,土豆,普通大棚,第一季,2400.0,3.75,2000.0,30000.0,E11,0.6,1,17.81501337
20,土豆,普通大棚,第一季,2400.0,3.75,2000.0,30000.0,E12,0.6,1,17.81501337
20,土豆,普通大棚,第一季,2400.0,3.75,2000.0,30000.0,E13,0.6,1,17.81501337
20,土豆,普通大棚,第一季,2400.0,3.75,2000.0,30000.0,E14,0.6,1,17.81501337
20,土豆,普通大棚,第一季,2400.0,3.75,2000.0,30000.0,E15,0.6,1,17.81501337
20,土豆,普通大棚,第一季,2400.0,3.75,2000.0,30000.0,E16,0.6,1,17.81501337
20,土豆,智慧大棚,第一季,2400.0,3.75,2000.0,30000.0,F1,0.6,1,17.81501337
20,土豆,智慧大棚,第一季,2400.0,3.75,2000.0,30000.0,F2,0.6,1,17.81501337
20,土豆,智慧大棚,第一季,2400.0,3.75,2000.0,30000.0,F3,0.6,1,17.81501337
20,土豆,智慧大棚,第一季,2400.0,3.75,2000.0,30000.0,F4,0.6,1,17.81501337
21,西红柿,水浇地,第一季,2400.0,6.25,2400.0,35400.0,D1,15.0,0,21.94307681
21,西红柿,水浇地,第一季,2400.0,6.25,2400.0,35400.0,D2,10.0,0,21.94307681
21,西红柿,水浇地,第一季,2400.0,6.25,2400.0,35400.0,D3,14.0,0,21.94307681
21,西红柿,水浇地,第一季,2400.0,6.25,2400.0,35400.0,D4,6.0,0,21.94307681
21,西红柿,水浇地,第一季,2400.0,6.25,2400.0,35400.0,D5,10.0,0,21.94307681
21,西红柿,水浇地,第一季,2400.0,6.25,2400.0,35400.0,D6,12.0,0,21.94307681
21,西红柿,水浇地,第一季,2400.0,6.25,2400.0,35400.0,D7,22.0,0,21.94307681
21,西红柿,水浇地,第一季,2400.0,6.25,2400.0,35400.0,D8,20.0,0,21.94307681
21,西红柿,普通大棚,第一季,3000.0,6.25,2400.0,35400.0,E1,0.6,0,23.34819843
21,西红柿,普通大棚,第一季,3000.0,6.25,2400.0,35400.0,E2,0.6,0,23.34819843
21,西红柿,普通大棚,第一季,3000.0,6.25,2400.0,35400.0,E3,0.6,0,23.34819843
21,西红柿,普通大棚,第一季,3000.0,6.25,2400.0,35400.0,E4,0.6,0,23.34819843
21,西红柿,普通大棚,第一季,3000.0,6.25,2400.0,35400.0,E5,0.6,0,23.34819843
21,西红柿,普通大棚,第一季,3000.0,6.25,2400.0,35400.0,E6,0.6,0,23.34819843
21,西红柿,普通大棚,第一季,3000.0,6.25,2400.0,35400.0,E7,0.6,0,23.34819843
21,西红柿,普通大棚,第一季,3000.0,6.25,2400.0,35400.0,E8,0.6,0,23.34819843
21,西红柿,普通大棚,第一季,3000.0,6.25,2400.0,35400.0,E9,0.6,0,23.34819843
21,西红柿,普通大棚,第一季,3000.0,6.25,2400.0,35400.0,E10,0.6,0,23.34819843
21,西红柿,普通大棚,第一季,3000.0,6.25,2400.0,35400.0,E11,0.6,0,23.34819843
21,西红柿,普通大棚,第一季,3000.0,6.25,2400.0,35400.0,E12,0.6,0,23.34819843
21,西红柿,普通大棚,第一季,3000.0,6.25,2400.0,35400.0,E13,0.6,0,23.34819843
21,西红柿,普通大棚,第一季,3000.0,6.25,2400.0,35400.0,E14,0.6,0,23.34819843
21,西红柿,普通大棚,第一季,3000.0,6.25,2400.0,35400.0,E15,0.6,0,23.34819843
21,西红柿,普通大棚,第一季,3000.0,6.25,2400.0,35400.0,E16,0.6,0,23.34819843
21,西红柿,智慧大棚,第一季,3000.0,6.25,2400.0,35400.0,F1,0.6,0,23.34819843
21,西红柿,智慧大棚,第一季,3000.0,6.25,2400.0,35400.0,F2,0.6,0,23.34819843
21,西红柿,智慧大棚,第一季,3000.0,6.25,2400.0,35400.0,F3,0.6,0,23.34819843
21,西红柿,智慧大棚,第一季,3000.0,6.25,2400.0,35400.0,F4,0.6,0,23.34819843
21,西红柿,智慧大棚,第二季,2700.0,7.5,2640.0,810.0,F1,0.6,0,12.84464775
21,西红柿,智慧大棚,第二季,2700.0,7.5,2640.0,810.0,F2,0.6,0,12.84464775
21,西红柿,智慧大棚,第二季,2700.0,7.5,2640.0,810.0,F3,0.6,0,12.84464775
21,西红柿,智慧大棚,第二季,2700.0,7.5,2640.0,810.0,F4,0.6,0,12.84464775
22,茄子,水浇地,第一季,6400.0,5.5,2400.0,43200.0,D1,15.0,0,33.0542378
22,茄子,水浇地,第一季,6400.0,5.5,2400.0,43200.0,D2,10.0,0,33.0542378
22,茄子,水浇地,第一季,6400.0,5.5,2400.0,43200.0,D3,14.0,0,33.0542378
22,茄子,水浇地,第一季,6400.0,5.5,2400.0,43200.0,D4,6.0,0,33.0542378
22,茄子,水浇地,第一季,6400.0,5.5,2400.0,43200.0,D5,10.0,0,33.0542378
22,茄子,水浇地,第一季,6400.0,5.5,2400.0,43200.0,D6,12.0,0,33.0542378
22,茄子,水浇地,第一季,6400.0,5.5,2400.0,43200.0,D7,22.0,0,33.0542378
22,茄子,水浇地,第一季,6400.0,5.5,2400.0,43200.0,D8,20.0,0,33.0542378
22,茄子,普通大棚,第一季,8000.0,5.5,2400.0,43200.0,E1,0.6,0,36.80122878
22,茄子,普通大棚,第一季,8000.0,5.5,2400.0,43200.0,E2,0.6,0,36.80122878
22,茄子,普通大棚,第一季,8000.0,5.5,2400.0,43200.0,E3,0.6,0,36.80122878
22,茄子,普通大棚,第一季,8000.0,5.5,2400.0,43200.0,E4,0.6,0,36.80122878
22,茄子,普通大棚,第一季,8000.0,5.5,2400.0,43200.0,E5,0.6,0,36.80122878
22,茄子,普通大棚,第一季,8000.0,5.5,2400.0,43200.0,E6,0.6,0,36.80122878
22,茄子,普通大棚,第一季,8000.0,5.5,2400.0,43200.0,E7,0.6,0,36.80122878
22,茄子,普通大棚,第一季,8000.0,5.5,2400.0,43200.0,E8,0.6,0,36.80122878
22,茄子,普通大棚,第一季,8000.0,5.5,2400.0,43200.0,E9,0.6,0,36.80122878
22,茄子,普通大棚,第一季,8000.0,5.5,2400.0,43200.0,E10,0.6,0,36.80122878
22,茄子,普通大棚,第一季,8000.0,5.5,2400.0,43200.0,E11,0.6,0,36.80122878
22,茄子,普通大棚,第一季,8000.0,5.5,2400.0,43200.0,E12,0.6,0,36.80122878
22,茄子,普通大棚,第一季,8000.0,5.5,2400.0,43200.0,E13,0.6,0,36.80122878
22,茄子,普通大棚,第一季,8000.0,5.5,2400.0,43200.0,E14,0.6,0,36.80122878
22,茄子,普通大棚,第一季,8000.0,5.5,2400.0,43200.0,E15,0.6,0,36.80122878
22,茄子,普通大棚,第一季,8000.0,5.5,2400.0,43200.0,E16,0.6,0,36.80122878
22,茄子,智慧大棚,第一季,8000.0,5.5,2400.0,43200.0,F1,0.6,0,36.80122878
22,茄子,智慧大棚,第一季,8000.0,5.5,2400.0,43200.0,F2,0.6,0,36.80122878
22,茄子,智慧大棚,第一季,8000.0,5.5,2400.0,43200.0,F3,0.6,0,36.80122878
22,茄子,智慧大棚,第一季,8000.0,5.5,2400.0,43200.0,F4,0.6,0,36.80122878
22,茄子,智慧大棚,第二季,7200.0,6.6,2640.0,2160.0,F1,0.6,0,22.92784133
22,茄子,智慧大棚,第二季,7200.0,6.6,2640.0,2160.0,F2,0.6,0,22.92784133
22,茄子,智慧大棚,第二季,7200.0,6.6,2640.0,2160.0,F3,0.6,0,22.92784133
22,茄子,智慧大棚,第二季,7200.0,6.6,2640.0,2160.0,F4,0.6,0,22.92784133
23,菠菜,智慧大棚,第二季,3000.0,6.9,3000.0,900.0,F1,0.6,0,12.94411219
23,菠菜,智慧大棚,第二季,3000.0,6.9,3000.0,900.0,F2,0.6,0,12.94411219
23,菠菜,智慧大棚,第二季,3000.0,6.9,3000.0,900.0,F3,0.6,0,12.94411219
23,菠菜,智慧大棚,第二季,3000.0,6.9,3000.0,900.0,F4,0.6,0,12.94411219
24,青椒,水浇地,第一季,2400.0,5.25,2000.0,1800.0,D1,15.0,0,10.32012456
24,青椒,水浇地,第一季,2400.0,5.25,2000.0,1800.0,D2,10.0,0,10.32012456
24,青椒,水浇地,第一季,2400.0,5.25,2000.0,1800.0,D3,14.0,0,10.32012456
24,青椒,水浇地,第一季,2400.0,5.25,2000.0,1800.0,D4,6.0,0,10.32012456
24,青椒,水浇地,第一季,2400.0,5.25,2000.0,1800.0,D5,10.0,0,10.32012456
24,青椒,水浇地,第一季,2400.0,5.25,2000.0,1800.0,D6,12.0,0,10.32012456
24,青椒,水浇地,第一季,2400.0,5.25,2000.0,1800.0,D7,22.0,0,10.32012456
24,青椒,水浇地,第一季,2400.0,5.25,2000.0,1800.0,D8,20.0,0,10.32012456
24,青椒,普通大棚,第一季,3000.0,5.25,2000.0,1800.0,E1,0.6,0,11.72524617
24,青椒,普通大棚,第一季,3000.0,5.25,2000.0,1800.0,E2,0.6,0,11.72524617
24,青椒,普通大棚,第一季,3000.0,5.25,2000.0,1800.0,E3,0.6,0,11.72524617
24,青椒,普通大棚,第一季,3000.0,5.25,2000.0,1800.0,E4,0.6,0,11.72524617
24,青椒,普通大棚,第一季,3000.0,5.25,2000.0,1800.0,E5,0.6,0,11.72524617
24,青椒,普通大棚,第一季,3000.0,5.25,2000.0,1800.0,E6,0.6,0,11.72524617
24,青椒,普通大棚,第一季,3000.0,5.25,2000.0,1800.0,E7,0.6,0,11.72524617
24,青椒,普通大棚,第一季,3000.0,5.25,2000.0,1800.0,E8,0.6,0,11.72524617
24,青椒,普通大棚,第一季,3000.0,5.25,2000.0,1800.0,E9,0.6,0,11.72524617
24,青椒,普通大棚,第一季,3000.0,5.25,2000.0,1800.0,E10,0.6,0,11.72524617
24,青椒,普通大棚,第一季,3000.0,5.25,2000.0,1800.0,E11,0.6,0,11.72524617
24,青椒,普通大棚,第一季,3000.0,5.25,2000.0,1800.0,E12,0.6,0,11.72524617
24,青椒,普通大棚,第一季,3000.0,5.25,2000.0,1800.0,E13,0.6,0,11.72524617
24,青椒,普通大棚,第一季,3000.0,5.25,2000.0,1800.0,E14,0.6,0,11.72524617
24,青椒,普通大棚,第一季,3000.0,5.25,2000.0,1800.0,E15,0.6,0,11.72524617
24,青椒,普通大棚,第一季,3000.0,5.25,2000.0,1800.0,E16,0.6,0,11.72524617
24,青椒,智慧大棚,第一季,3000.0,5.25,2000.0,1800.0,F1,0.6,0,11.72524617
24,青椒,智慧大棚,第一季,3000.0,5.25,2000.0,1800.0,F2,0.6,0,11.72524617
24,青椒,智慧大棚,第一季,3000.0,5.25,2000.0,1800.0,F3,0.6,0,11.72524617
24,青椒,智慧大棚,第一季,3000.0,5.25,2000.0,1800.0,F4,0.6,0,11.72524617
24,青椒,智慧大棚,第二季,2700.0,6.8,2200.0,810.0,F1,0.6,0,12.20795101
24,青椒,智慧大棚,第二季,2700.0,6.8,2200.0,810.0,F2,0.6,0,12.20795101
24,青椒,智慧大棚,第二季,2700.0,6.8,2200.0,810.0,F3,0.6,0,12.20795101
24,青椒,智慧大棚,第二季,2700.0,6.8,2200.0,810.0,F4,0.6,0,12.20795101
25,菜花,水浇地,第一季,3300.0,5.5,3000.0,3600.0,D1,15.0,0,13.12938963
25,菜花,水浇地,第一季,3300.0,5.5,3000.0,3600.0,D2,10.0,0,13.12938963
25,菜花,水浇地,第一季,3300.0,5.5,3000.0,3600.0,D3,14.0,0,13.12938963
25,菜花,水浇地,第一季,3300.0,5.5,3000.0,3600.0,D4,6.0,0,13.12938963
25,菜花,水浇地,第一季,3300.0,5.5,3000.0,3600.0,D5,10.0,0,13.12938963
25,菜花,水浇地,第一季,3300.0,5.5,3000.0,3600.0,D6,12.0,0,13.12938963
25,菜花,水浇地,第一季,3300.0,5.5,3000.0,3600.0,D7,22.0,0,13.12938963
25,菜花,水浇地,第一季,3300.0,5.5,3000.0,3600.0,D8,20.0,0,13.12938963
25,菜花,普通大棚,第一季,4000.0,5.5,3000.0,3600.0,E1,0.6,0,14.76869818
25,菜花,普通大棚,第一季,4000.0,5.5,3000.0,3600.0,E2,0.6,0,14.76869818
25,菜花,普通大棚,第一季,4000.0,5.5,3000.0,3600.0,E3,0.6,0,14.76869818
25,菜花,普通大棚,第一季,4000.0,5.5,3000.0,3600.0,E4,0.6,0,14.76869818
25,菜花,普通大棚,第一季,4000.0,5.5,3000.0,3600.0,E5,0.6,0,14.76869818
25,菜花,普通大棚,第一季,4000.0,5.5,3000.0,3600.0,E6,0.6,0,14.76869818
25,菜花,普通大棚,第一季,4000.0,5.5,3000.0,3600.0,E7,0.6,0,14.76869818
25,菜花,普通大棚,第一季,4000.0,5.5,3000.0,3600.0,E8,0.6,0,14.76869818
25,菜花,普通大棚,第一季,4000.0,5.5,3000.0,3600.0,E9,0.6,0,14.76869818
25,菜花,普通大棚,第一季,4000.0,5.5,3000.0,3600.0,E10,0.6,0,14.76869818
25,菜花,普通大棚,第一季,4000.0,5.5,3000.0,3600.0,E11,0.6,0,14.76869818
25,菜花,普通大棚,第一季,4000.0,5.5,3000.0,3600.0,E12,0.6,0,14.76869818
25,菜花,普通大棚,第一季,4000.0,5.5,3000.0,3600.0,E13,0.6,0,14.76869818
25,菜花,普通大棚,第一季,4000.0,5.5,3000.0,3600.0,E14,0.6,0,14.76869818
25,菜花,普通大棚,第一季,4000.0,5.5,3000.0,3600.0,E15,0.6,0,14.76869818
25,菜花,普通大棚,第一季,4000.0,5.5,3000.0,3600.0,E16,0.6,0,14.76869818
25,菜花,智慧大棚,第一季,4000.0,5.5,3000.0,3600.0,F1,0.6,0,14.76869818
25,菜花,智慧大棚,第一季,4000.0,5.5,3000.0,3600.0,F2,0.6,0,14.76869818
25,菜花,智慧大棚,第一季,4000.0,5.5,3000.0,3600.0,F3,0.6,0,14.76869818
25,菜花,智慧大棚,第一季,4000.0,5.5,3000.0,3600.0,F4,0.6,0,14.76869818
26,包菜,水浇地,第一季,3700.0,6.5,3500.0,4050.0,D1,15.0,0,15.13382669
26,包菜,水浇地,第一季,3700.0,6.5,3500.0,4050.0,D2,10.0,0,15.13382669
26,包菜,水浇地,第一季,3700.0,6.5,3500.0,4050.0,D3,14.0,0,15.13382669
26,包菜,水浇地,第一季,3700.0,6.5,3500.0,4050.0,D4,6.0,0,15.13382669
26,包菜,水浇地,第一季,3700.0,6.5,3500.0,4050.0,D5,10.0,0,15.13382669
26,包菜,水浇地,第一季,3700.0,6.5,3500.0,4050.0,D6,12.0,0,15.13382669
26,包菜,水浇地,第一季,3700.0,6.5,3500.0,4050.0,D7,22.0,0,15.13382669
26,包菜,水浇地,第一季,3700.0,6.5,3500.0,4050.0,D8,20.0,0,15.13382669
26,包菜,普通大棚,第一季,4500.0,6.5,3500.0,4050.0,E1,0.6,0,17.00732217
26,包菜,普通大棚,第一季,4500.0,6.5,3500.0,4050.0,E2,0.6,0,17.00732217
26,包菜,普通大棚,第一季,4500.0,6.5,3500.0,4050.0,E3,0.6,0,17.00732217
26,包菜,普通大棚,第一季,4500.0,6.5,3500.0,4050.0,E4,0.6,0,17.00732217
26,包菜,普通大棚,第一季,4500.0,6.5,3500.0,4050.0,E5,0.6,0,17.00732217
26,包菜,普通大棚,第一季,4500.0,6.5,3500.0,4050.0,E6,0.6,0,17.00732217
26,包菜,普通大棚,第一季,4500.0,6.5,3500.0,4050.0,E7,0.6,0,17.00732217
26,包菜,普通大棚,第一季,4500.0,6.5,3500.0,4050.0,E8,0.6,0,17.00732217
26,包菜,普通大棚,第一季,4500.0,6.5,3500.0,4050.0,E9,0.6,0,17.00732217
26,包菜,普通大棚,第一季,4500.0,6.5,3500.0,4050.0,E10,0.6,0,17.00732217
26,包菜,普通大棚,第一季,4500.0,6.5,3500.0,4050.0,E11,0.6,0,17.00732217
26,包菜,普通大棚,第一季,4500.0,6.5,3500.0,4050.0,E12,0.6,0,17.00732217
26,包菜,普通大棚,第一季,4500.0,6.5,3500.0,4050.0,E13,0.6,0,17.00732217
26,包菜,普通大棚,第一季,4500.0,6.5,3500.0,4050.0,E14,0.6,0,17.00732217
26,包菜,普通大棚,第一季,4500.0,6.5,3500.0,4050.0,E15,0.6,0,17.00732217
26,包菜,普通大棚,第一季,4500.0,6.5,3500.0,4050.0,E16,0.6,0,17.00732217
26,包菜,智慧大棚,第一季,4500.0,6.5,3500.0,4050.0,F1,0.6,0,17.00732217
26,包菜,智慧大棚,第一季,4500.0,6.5,3500.0,4050.0,F2,0.6,0,17.00732217
26,包菜,智慧大棚,第一季,4500.0,6.5,3500.0,4050.0,F3,0.6,0,17.00732217
26,包菜,智慧大棚,第一季,4500.0,6.5,3500.0,4050.0,F4,0.6,0,17.00732217
27,油麦菜,水浇地,第一季,4100.0,5.0,2000.0,4500.0,D1,15.0,0,14.91433605
27,油麦菜,水浇地,第一季,4100.0,5.0,2000.0,4500.0,D2,10.0,0,14.91433605
27,油麦菜,水浇地,第一季,4100.0,5.0,2000.0,4500.0,D3,14.0,0,14.91433605
27,油麦菜,水浇地,第一季,4100.0,5.0,2000.0,4500.0,D4,6.0,0,14.91433605
27,油麦菜,水浇地,第一季,4100.0,5.0,2000.0,4500.0,D5,10.0,0,14.91433605
27,油麦菜,水浇地,第一季,4100.0,5.0,2000.0,4500.0,D6,12.0,0,14.91433605
27,油麦菜,水浇地,第一季,4100.0,5.0,2000.0,4500.0,D7,22.0,0,14.91433605
27,油麦菜,水浇地,第一季,4100.0,5.0,2000.0,4500.0,D8,20.0,0,14.91433605
27,油麦菜,普通大棚,第一季,5000.0,5.0,2000.0,4500.0,E1,0.6,0,17.02201847
27,油麦菜,普通大棚,第一季,5000.0,5.0,2000.0,4500.0,E2,0.6,0,17.02201847
27,油麦菜,普通大棚,第一季,5000.0,5.0,2000.0,4500.0,E3,0.6,0,17.02201847
27,油麦菜,普通大棚,第一季,5000.0,5.0,2000.0,4500.0,E4,0.6,0,17.02201847
27,油麦菜,普通大棚,第一季,5000.0,5.0,2000.0,4500.0,E5,0.6,0,17.02201847
27,油麦菜,普通大棚,第一季,5000.0,5.0,2000.0,4500.0,E6,0.6,0,17.02201847
27,油麦菜,普通大棚,第一季,5000.0,5.0,2000.0,4500.0,E7,0.6,0,17.02201847
27,油麦菜,普通大棚,第一季,5000.0,5.0,2000.0,4500.0,E8,0.6,0,17.02201847
27,油麦菜,普通大棚,第一季,5000.0,5.0,2000.0,4500.0,E9,0.6,0,17.02201847
27,油麦菜,普通大棚,第一季,5000.0,5.0,2000.0,4500.0,E10,0.6,0,17.02201847
27,油麦菜,普通大棚,第一季,5000.0,5.0,2000.0,4500.0,E11,0.6,0,17.02201847
27,油麦菜,普通大棚,第一季,5000.0,5.0,2000.0,4500.0,E12,0.6,0,17.02201847
27,油麦菜,普通大棚,第一季,5000.0,5.0,2000.0,4500.0,E13,0.6,0,17.02201847
27,油麦菜,普通大棚,第一季,5000.0,5.0,2000.0,4500.0,E14,0.6,0,17.02201847
27,油麦菜,普通大棚,第一季,5000.0,5.0,2000.0,4500.0,E15,0.6,0,17.02201847
27,油麦菜,普通大棚,第一季,5000.0,5.0,2000.0,4500.0,E16,0.6,0,17.02201847
27,油麦菜,智慧大棚,第一季,5000.0,5.0,2000.0,4500.0,F1,0.6,0,17.02201847
27,油麦菜,智慧大棚,第一季,5000.0,5.0,2000.0,4500.0,F2,0.6,0,17.02201847
27,油麦菜,智慧大棚,第一季,5000.0,5.0,2000.0,4500.0,F3,0.6,0,17.02201847
27,油麦菜,智慧大棚,第一季,5000.0,5.0,2000.0,4500.0,F4,0.6,0,17.02201847
28,小青菜,水浇地,第一季,3200.0,5.75,2000.0,34400.0,D1,15.0,0,23.05372948
28,小青菜,水浇地,第一季,3200.0,5.75,2000.0,34400.0,D2,10.0,0,23.05372948
28,小青菜,水浇地,第一季,3200.0,5.75,2000.0,34400.0,D3,14.0,0,23.05372948
28,小青菜,水浇地,第一季,3200.0,5.75,2000.0,34400.0,D4,6.0,0,23.05372948
28,小青菜,水浇地,第一季,3200.0,5.75,2000.0,34400.0,D5,10.0,0,23.05372948
28,小青菜,水浇地,第一季,3200.0,5.75,2000.0,34400.0,D6,12.0,0,23.05372948
28,小青菜,水浇地,第一季,3200.0,5.75,2000.0,34400.0,D7,22.0,0,23.05372948
28,小青菜,水浇地,第一季,3200.0,5.75,2000.0,34400.0,D8,20.0,0,23.05372948
28,小青菜,普通大棚,第一季,4000.0,5.75,2000.0,34400.0,E1,0.6,0,24.92722497
28,小青菜,普通大棚,第一季,4000.0,5.75,2000.0,34400.0,E2,0.6,0,24.92722497
28,小青菜,普通大棚,第一季,4000.0,5.75,2000.0,34400.0,E3,0.6,0,24.92722497
28,小青菜,普通大棚,第一季,4000.0,5.75,2000.0,34400.0,E4,0.6,0,24.92722497
28,小青菜,普通大棚,第一季,4000.0,5.75,2000.0,34400.0,E5,0.6,0,24.92722497
28,小青菜,普通大棚,第一季,4000.0,5.75,2000.0,34400.0,E6,0.6,0,24.92722497
28,小青菜,普通大棚,第一季,4000.0,5.75,2000.0,34400.0,E7,0.6,0,24.92722497
28,小青菜,普通大棚,第一季,4000.0,5.75,2000.0,34400.0,E8,0.6,0,24.92722497
28,小青菜,普通大棚,第一季,4000.0,5.75,2000.0,34400.0,E9,0.6,0,24.92722497
28,小青菜,普通大棚,第一季,4000.0,5.75,2000.0,34400.0,E10,0.6,0,24.92722497
28,小青菜,普通大棚,第一季,4000.0,5.75,2000.0,34400.0,E11,0.6,0,24.92722497
28,小青菜,普通大棚,第一季,4000.0,5.75,2000.0,34400.0,E12,0.6,0,24.92722497
28,小青菜,普通大棚,第一季,4000.0,5.75,2000.0,34400.0,E13,0.6,0,24.92722497
28,小青菜,普通大棚,第一季,4000.0,5.75,2000.0,34400.0,E14,0.6,0,24.92722497
28,小青菜,普通大棚,第一季,4000.0,5.75,2000.0,34400.0,E15,0.6,0,24.92722497
28,小青菜,普通大棚,第一季,4000.0,5.75,2000.0,34400.0,E16,0.6,0,24.92722497
28,小青菜,智慧大棚,第一季,4000.0,5.75,2000.0,34400.0,F1,0.6,0,24.92722497
28,小青菜,智慧大棚,第一季,4000.0,5.75,2000.0,34400.0,F2,0.6,0,24.92722497
28,小青菜,智慧大棚,第一季,4000.0,5.75,2000.0,34400.0,F3,0.6,0,24.92722497
28,小青菜,智慧大棚,第一季,4000.0,5.75,2000.0,34400.0,F4,0.6,0,24.92722497
28,小青菜,智慧大棚,第二季,3600.0,6.9,2200.0,1080.0,F1,0.6,0,14.49979733
28,小青菜,智慧大棚,第二季,3600.0,6.9,2200.0,1080.0,F2,0.6,0,14.49979733
28,小青菜,智慧大棚,第二季,3600.0,6.9,2200.0,1080.0,F3,0.6,0,14.49979733
28,小青菜,智慧大棚,第二季,3600.0,6.9,2200.0,1080.0,F4,0.6,0,14.49979733
29,黄瓜,水浇地,第一季,12000.0,7.0,3500.0,9000.0,D1,15.0,0,36.63716806
29,黄瓜,水浇地,第一季,12000.0,7.0,3500.0,9000.0,D2,10.0,0,36.63716806
29,黄瓜,水浇地,第一季,12000.0,7.0,3500.0,9000.0,D3,14.0,0,36.63716806
29,黄瓜,水浇地,第一季,12000.0,7.0,3500.0,9000.0,D4,6.0,0,36.63716806
29,黄瓜,水浇地,第一季,12000.0,7.0,3500.0,9000.0,D5,10.0,0,36.63716806
29,黄瓜,水浇地,第一季,12000.0,7.0,3500.0,9000.0,D6,12.0,0,36.63716806
29,黄瓜,水浇地,第一季,12000.0,7.0,3500.0,9000.0,D7,22.0,0,36.63716806
29,黄瓜,水浇地,第一季,12000.0,7.0,3500.0,9000.0,D8,20.0,0,36.63716806
29,黄瓜,普通大棚,第一季,15000.0,7.0,3500.0,9000.0,E1,0.6,0,43.66277614
29,黄瓜,普通大棚,第一季,15000.0,7.0,3500.0,9000.0,E2,0.6,0,43.66277614
29,黄瓜,普通大棚,第一季,15000.0,7.0,3500.0,9000.0,E3,0.6,0,43.66277614
29,黄瓜,普通大棚,第一季,15000.0,7.0,3500.0,9000.0,E4,0.6,0,43.66277614
29,黄瓜,普通大棚,第一季,15000.0,7.0,3500.0,9000.0,E5,0.6,0,43.66277614
29,黄瓜,普通大棚,第一季,15000.0,7.0,3500.0,9000.0,E6,0.6,0,43.66277614
29,黄瓜,普通大棚,第一季,15000.0,7.0,3500.0,9000.0,E7,0.6,0,43.66277614
29,黄瓜,普通大棚,第一季,15000.0,7.0,3500.0,9000.0,E8,0.6,0,43.66277614
29,黄瓜,普通大棚,第一季,15000.0,7.0,3500.0,9000.0,E9,0.6,0,43.66277614
29,黄瓜,普通大棚,第一季,15000.0,7.0,3500.0,9000.0,E10,0.6,0,43.66277614
29,黄瓜,普通大棚,第一季,15000.0,7.0,3500.0,9000.0,E11,0.6,0,43.66277614
29,黄瓜,普通大棚,第一季,15000.0,7.0,3500.0,9000.0,E12,0.6,0,43.66277614
29,黄瓜,普通大棚,第一季,15000.0,7.0,3500.0,9000.0,E13,0.6,0,43.66277614
29,黄瓜,普通大棚,第一季,15000.0,7.0,3500.0,9000.0,E14,0.6,0,43.66277614
29,黄瓜,普通大棚,第一季,15000.0,7.0,3500.0,9000.0,E15,0.6,0,43.66277614
29,黄瓜,普通大棚,第一季,15000.0,7.0,3500.0,9000.0,E16,0.6,0,43.66277614
29,黄瓜,智慧大棚,第一季,15000.0,7.0,3500.0,9000.0,F1,0.6,0,43.66277614
29,黄瓜,智慧大棚,第一季,15000.0,7.0,3500.0,9000.0,F2,0.6,0,43.66277614
29,黄瓜,智慧大棚,第一季,15000.0,7.0,3500.0,9000.0,F3,0.6,0,43.66277614
29,黄瓜,智慧大棚,第一季,15000.0,7.0,3500.0,9000.0,F4,0.6,0,43.66277614
29,黄瓜,智慧大棚,第二季,13500.0,8.4,3850.0,4050.0,F1,0.6,0,39.91080205
29,黄瓜,智慧大棚,第二季,13500.0,8.4,3850.0,4050.0,F2,0.6,0,39.91080205
29,黄瓜,智慧大棚,第二季,13500.0,8.4,3850.0,4050.0,F3,0.6,0,39.91080205
29,黄瓜,智慧大棚,第二季,13500.0,8.4,3850.0,4050.0,F4,0.6,0,39.91080205
30,生菜,水浇地,第一季,4100.0,5.25,2000.0,1500.0,D1,15.0,0,14.20588528
30,生菜,水浇地,第一季,4100.0,5.25,2000.0,1500.0,D2,10.0,0,14.20588528
30,生菜,水浇地,第一季,4100.0,5.25,2000.0,1500.0,D3,14.0,0,14.20588528
30,生菜,水浇地,第一季,4100.0,5.25,2000.0,1500.0,D4,6.0,0,14.20588528
30,生菜,水浇地,第一季,4100.0,5.25,2000.0,1500.0,D5,10.0,0,14.20588528
30,生菜,水浇地,第一季,4100.0,5.25,2000.0,1500.0,D6,12.0,0,14.20588528
30,生菜,水浇地,第一季,4100.0,5.25,2000.0,1500.0,D7,22.0,0,14.20588528
30,生菜,水浇地,第一季,4100.0,5.25,2000.0,1500.0,D8,20.0,0,14.20588528
30,生菜,普通大棚,第一季,5000.0,5.25,2000.0,1500.0,E1,0.6,0,16.31356771
30,生菜,普通大棚,第一季,5000.0,5.25,2000.0,1500.0,E2,0.6,0,16.31356771
30,生菜,普通大棚,第一季,5000.0,5.25,2000.0,1500.0,E3,0.6,0,16.31356771
30,生菜,普通大棚,第一季,5000.0,5.25,2000.0,1500.0,E4,0.6,0,16.31356771
30,生菜,普通大棚,第一季,5000.0,5.25,2000.0,1500.0,E5,0.6,0,16.31356771
30,生菜,普通大棚,第一季,5000.0,5.25,2000.0,1500.0,E6,0.6,0,16.31356771
30,生菜,普通大棚,第一季,5000.0,5.25,2000.0,1500.0,E7,0.6,0,16.31356771
30,生菜,普通大棚,第一季,5000.0,5.25,2000.0,1500.0,E8,0.6,0,16.31356771
30,生菜,普通大棚,第一季,5000.0,5.25,2000.0,1500.0,E9,0.6,0,16.31356771
30,生菜,普通大棚,第一季,5000.0,5.25,2000.0,1500.0,E10,0.6,0,16.31356771
30,生菜,普通大棚,第一季,5000.0,5.25,2000.0,1500.0,E11,0.6,0,16.31356771
30,生菜,普通大棚,第一季,5000.0,5.25,2000.0,1500.0,E12,0.6,0,16.31356771
30,生菜,普通大棚,第一季,5000.0,5.25,2000.0,1500.0,E13,0.6,0,16.31356771
30,生菜,普通大棚,第一季,5000.0,5.25,2000.0,1500.0,E14,0.6,0,16.31356771
30,生菜,普通大棚,第一季,5000.0,5.25,2000.0,1500.0,E15,0.6,0,16.31356771
30,生菜,普通大棚,第一季,5000.0,5.25,2000.0,1500.0,E16,0.6,0,16.31356771
30,生菜,智慧大棚,第一季,5000.0,5.25,2000.0,1500.0,F1,0.6,0,16.31356771
30,生菜,智慧大棚,第一季,5000.0,5.25,2000.0,1500.0,F2,0.6,0,16.31356771
30,生菜,智慧大棚,第一季,5000.0,5.25,2000.0,1500.0,F3,0.6,0,16.31356771
30,生菜,智慧大棚,第一季,5000.0,5.25,2000.0,1500.0,F4,0.6,0,16.31356771
30,生菜,智慧大棚,第二季,4500.0,6.300000000000001,2200.0,1350.0,F1,0.6,0,16.10362464
30,生菜,智慧大棚,第二季,4500.0,6.300000000000001,2200.0,1350.0,F2,0.6,0,16.10362464
30,生菜,智慧大棚,第二季,4500.0,6.300000000000001,2200.0,1350.0,F3,0.6,0,16.10362464
30,生菜,智慧大棚,第二季,4500.0,6.300000000000001,2200.0,1350.0,F4,0.6,0,16.10362464
31,辣椒,水浇地,第一季,1600.0,7.25,1200.0,1200.0,D1,15.0,0,10.31487652
31,辣椒,水浇地,第一季,1600.0,7.25,1200.0,1200.0,D2,10.0,0,10.31487652
31,辣椒,水浇地,第一季,1600.0,7.25,1200.0,1200.0,D3,14.0,0,10.31487652
31,辣椒,水浇地,第一季,1600.0,7.25,1200.0,1200.0,D4,6.0,0,10.31487652
31,辣椒,水浇地,第一季,1600.0,7.25,1200.0,1200.0,D5,10.0,0,10.31487652
31,辣椒,水浇地,第一季,1600.0,7.25,1200.0,1200.0,D6,12.0,0,10.31487652
31,辣椒,水浇地,第一季,1600.0,7.25,1200.0,1200.0,D7,22.0,0,10.31487652
31,辣椒,水浇地,第一季,1600.0,7.25,1200.0,1200.0,D8,20.0,0,10.31487652
31,辣椒,普通大棚,第一季,2000.0,7.25,1200.0,1200.0,E1,0.6,0,11.25162426
31,辣椒,普通大棚,第一季,2000.0,7.25,1200.0,1200.0,E2,0.6,0,11.25162426
31,辣椒,普通大棚,第一季,2000.0,7.25,1200.0,1200.0,E3,0.6,0,11.25162426
31,辣椒,普通大棚,第一季,2000.0,7.25,1200.0,1200.0,E4,0.6,0,11.25162426
31,辣椒,普通大棚,第一季,2000.0,7.25,1200.0,1200.0,E5,0.6,0,11.25162426
31,辣椒,普通大棚,第一季,2000.0,7.25,1200.0,1200.0,E6,0.6,0,11.25162426
31,辣椒,普通大棚,第一季,2000.0,7.25,1200.0,1200.0,E7,0.6,0,11.25162426
31,辣椒,普通大棚,第一季,2000.0,7.25,1200.0,1200.0,E8,0.6,0,11.25162426
31,辣椒,普通大棚,第一季,2000.0,7.25,1200.0,1200.0,E9,0.6,0,11.25162426
31,辣椒,普通大棚,第一季,2000.0,7.25,1200.0,1200.0,E10,0.6,0,11.25162426
31,辣椒,普通大棚,第一季,2000.0,7.25,1200.0,1200.0,E11,0.6,0,11.25162426
31,辣椒,普通大棚,第一季,2000.0,7.25,1200.0,1200.0,E12,0.6,0,11.25162426
31,辣椒,普通大棚,第一季,2000.0,7.25,1200.0,1200.0,E13,0.6,0,11.25162426
31,辣椒,普通大棚,第一季,2000.0,7.25,1200.0,1200.0,E14,0.6,0,11.25162426
31,辣椒,普通大棚,第一季,2000.0,7.25,1200.0,1200.0,E15,0.6,0,11.25162426
31,辣椒,普通大棚,第一季,2000.0,7.25,1200.0,1200.0,E16,0.6,0,11.25162426
31,辣椒,智慧大棚,第一季,2000.0,7.25,1200.0,1200.0,F1,0.6,0,11.25162426
31,辣椒,智慧大棚,第一季,2000.0,7.25,1200.0,1200.0,F2,0.6,0,11.25162426
31,辣椒,智慧大棚,第一季,2000.0,7.25,1200.0,1200.0,F3,0.6,0,11.25162426
31,辣椒,智慧大棚,第一季,2000.0,7.25,1200.0,1200.0,F4,0.6,0,11.25162426
32,空心菜,水浇地,第一季,10000.0,4.5,5000.0,3600.0,D1,15.0,0,27.603747
32,空心菜,水浇地,第一季,10000.0,4.5,5000.0,3600.0,D2,10.0,0,27.603747
32,空心菜,水浇地,第一季,10000.0,4.5,5000.0,3600.0,D3,14.0,0,27.603747
32,空心菜,水浇地,第一季,10000.0,4.5,5000.0,3600.0,D4,6.0,0,27.603747
32,空心菜,水浇地,第一季,10000.0,4.5,5000.0,3600.0,D5,10.0,0,27.603747
32,空心菜,水浇地,第一季,10000.0,4.5,5000.0,3600.0,D6,12.0,0,27.603747
32,空心菜,水浇地,第一季,10000.0,4.5,5000.0,3600.0,D7,22.0,0,27.603747
32,空心菜,水浇地,第一季,10000.0,4.5,5000.0,3600.0,D8,20.0,0,27.603747
32,空心菜,普通大棚,第一季,12000.0,4.5,5000.0,3600.0,E1,0.6,0,32.28748572
32,空心菜,普通大棚,第一季,12000.0,4.5,5000.0,3600.0,E2,0.6,0,32.28748572
32,空心菜,普通大棚,第一季,12000.0,4.5,5000.0,3600.0,E3,0.6,0,32.28748572
32,空心菜,普通大棚,第一季,12000.0,4.5,5000.0,3600.0,E4,0.6,0,32.28748572
32,空心菜,普通大棚,第一季,12000.0,4.5,5000.0,3600.0,E5,0.6,0,32.28748572
32,空心菜,普通大棚,第一季,12000.0,4.5,5000.0,3600.0,E6,0.6,0,32.28748572
32,空心菜,普通大棚,第一季,12000.0,4.5,5000.0,3600.0,E7,0.6,0,32.28748572
32,空心菜,普通大棚,第一季,12000.0,4.5,5000.0,3600.0,E8,0.6,0,32.28748572
32,空心菜,普通大棚,第一季,12000.0,4.5,5000.0,3600.0,E9,0.6,0,32.28748572
32,空心菜,普通大棚,第一季,12000.0,4.5,5000.0,3600.0,E10,0.6,0,32.28748572
32,空心菜,普通大棚,第一季,12000.0,4.5,5000.0,3600.0,E11,0.6,0,32.28748572
32,空心菜,普通大棚,第一季,12000.0,4.5,5000.0,3600.0,E12,0.6,0,32.28748572
32,空心菜,普通大棚,第一季,12000.0,4.5,5000.0,3600.0,E13,0.6,0,32.28748572
32,空心菜,普通大棚,第一季,12000.0,4.5,5000.0,3600.0,E14,0.6,0,32.28748572
32,空心菜,普通大棚,第一季,12000.0,4.5,5000.0,3600.0,E15,0.6,0,32.28748572
32,空心菜,普通大棚,第一季,12000.0,4.5,5000.0,3600.0,E16,0.6,0,32.28748572
32,空心菜,智慧大棚,第一季,12000.0,4.5,5000.0,3600.0,F1,0.6,0,32.28748572
32,空心菜,智慧大棚,第一季,12000.0,4.5,5000.0,3600.0,F2,0.6,0,32.28748572
32,空心菜,智慧大棚,第一季,12000.0,4.5,5000.0,3600.0,F3,0.6,0,32.28748572
32,空心菜,智慧大棚,第一季,12000.0,4.5,5000.0,3600.0,F4,0.6,0,32.28748572
33,黄心菜,水浇地,第一季,5000.0,4.5,2500.0,1800.0,D1,15.0,0,15.61350091
33,黄心菜,水浇地,第一季,5000.0,4.5,2500.0,1800.0,D2,10.0,0,15.61350091
33,黄心菜,水浇地,第一季,5000.0,4.5,2500.0,1800.0,D3,14.0,0,15.61350091
33,黄心菜,水浇地,第一季,5000.0,4.5,2500.0,1800.0,D4,6.0,0,15.61350091
33,黄心菜,水浇地,第一季,5000.0,4.5,2500.0,1800.0,D5,10.0,0,15.61350091
33,黄心菜,水浇地,第一季,5000.0,4.5,2500.0,1800.0,D6,12.0,0,15.61350091
33,黄心菜,水浇地,第一季,5000.0,4.5,2500.0,1800.0,D7,22.0,0,15.61350091
33,黄心菜,水浇地,第一季,5000.0,4.5,2500.0,1800.0,D8,20.0,0,15.61350091
33,黄心菜,普通大棚,第一季,6000.0,4.5,2500.0,1800.0,E1,0.6,0,17.95537027
33,黄心菜,普通大棚,第一季,6000.0,4.5,2500.0,1800.0,E2,0.6,0,17.95537027
33,黄心菜,普通大棚,第一季,6000.0,4.5,2500.0,1800.0,E3,0.6,0,17.95537027
33,黄心菜,普通大棚,第一季,6000.0,4.5,2500.0,1800.0,E4,0.6,0,17.95537027
33,黄心菜,普通大棚,第一季,6000.0,4.5,2500.0,1800.0,E5,0.6,0,17.95537027
33,黄心菜,普通大棚,第一季,6000.0,4.5,2500.0,1800.0,E6,0.6,0,17.95537027
33,黄心菜,普通大棚,第一季,6000.0,4.5,2500.0,1800.0,E7,0.6,0,17.95537027
33,黄心菜,普通大棚,第一季,6000.0,4.5,2500.0,1800.0,E8,0.6,0,17.95537027
33,黄心菜,普通大棚,第一季,6000.0,4.5,2500.0,1800.0,E9,0.6,0,17.95537027
33,黄心菜,普通大棚,第一季,6000.0,4.5,2500.0,1800.0,E10,0.6,0,17.95537027
33,黄心菜,普通大棚,第一季,6000.0,4.5,2500.0,1800.0,E11,0.6,0,17.95537027
33,黄心菜,普通大棚,第一季,6000.0,4.5,2500.0,1800.0,E12,0.6,0,17.95537027
33,黄心菜,普通大棚,第一季,6000.0,4.5,2500.0,1800.0,E13,0.6,0,17.95537027
33,黄心菜,普通大棚,第一季,6000.0,4.5,2500.0,1800.0,E14,0.6,0,17.95537027
33,黄心菜,普通大棚,第一季,6000.0,4.5,2500.0,1800.0,E15,0.6,0,17.95537027
33,黄心菜,普通大棚,第一季,6000.0,4.5,2500.0,1800.0,E16,0.6,0,17.95537027
33,黄心菜,智慧大棚,第一季,6000.0,4.5,2500.0,1800.0,F1,0.6,0,17.95537027
33,黄心菜,智慧大棚,第一季,6000.0,4.5,2500.0,1800.0,F2,0.6,0,17.95537027
33,黄心菜,智慧大棚,第一季,6000.0,4.5,2500.0,1800.0,F3,0.6,0,17.95537027
33,黄心菜,智慧大棚,第一季,6000.0,4.5,2500.0,1800.0,F4,0.6,0,17.95537027
34,芹菜,智慧大棚,第二季,6000.0,4.8,1200.0,1800.0,F1,0.6,0,18.40186954
34,芹菜,智慧大棚,第二季,6000.0,4.8,1200.0,1800.0,F2,0.6,0,18.40186954
34,芹菜,智慧大棚,第二季,6000.0,4.8,1200.0,1800.0,F3,0.6,0,18.40186954
34,芹菜,智慧大棚,第二季,6000.0,4.8,1200.0,1800.0,F4,0.6,0,18.40186954
35,大白菜,水浇地,第二季,5000.0,2.5,2000.0,150000.0,D1,15.0,0,60.84214179
35,大白菜,水浇地,第二季,5000.0,2.5,2000.0,150000.0,D2,10.0,0,60.84214179
35,大白菜,水浇地,第二季,5000.0,2.5,2000.0,150000.0,D3,14.0,0,60.84214179
35,大白菜,水浇地,第二季,5000.0,2.5,2000.0,150000.0,D4,6.0,0,60.84214179
35,大白菜,水浇地,第二季,5000.0,2.5,2000.0,150000.0,D5,10.0,0,60.84214179
35,大白菜,水浇地,第二季,5000.0,2.5,2000.0,150000.0,D6,12.0,0,60.84214179
35,大白菜,水浇地,第二季,5000.0,2.5,2000.0,150000.0,D7,22.0,0,60.84214179
35,大白菜,水浇地,第二季,5000.0,2.5,2000.0,150000.0,D8,20.0,0,60.84214179
36,白萝卜,水浇地,第二季,4000.0,2.5,500.0,100000.0,D1,15.0,0,42.77237078
36,白萝卜,水浇地,第二季,4000.0,2.5,500.0,100000.0,D2,10.0,0,42.77237078
36,白萝卜,水浇地,第二季,4000.0,2.5,500.0,100000.0,D3,14.0,0,42.77237078
36,白萝卜,水浇地,第二季,4000.0,2.5,500.0,100000.0,D4,6.0,0,42.77237078
36,白萝卜,水浇地,第二季,4000.0,2.5,500.0,100000.0,D5,10.0,0,42.77237078
36,白萝卜,水浇地,第二季,4000.0,2.5,500.0,100000.0,D6,12.0,0,42.77237078
36,白萝卜,水浇地,第二季,4000.0,2.5,500.0,100000.0,D7,22.0,0,42.77237078
36,白萝卜,水浇地,第二季,4000.0,2.5,500.0,100000.0,D8,20.0,0,42.77237078
37,红萝卜,水浇地,第二季,3000.0,3.25,500.0,36000.0,D1,15.0,0,20.8119988
37,红萝卜,水浇地,第二季,3000.0,3.25,500.0,36000.0,D2,10.0,0,20.8119988
37,红萝卜,水浇地,第二季,3000.0,3.25,500.0,36000.0,D3,14.0,0,20.8119988
37,红萝卜,水浇地,第二季,3000.0,3.25,500.0,36000.0,D4,6.0,0,20.8119988
37,红萝卜,水浇地,第二季,3000.0,3.25,500.0,36000.0,D5,10.0,0,20.8119988
37,红萝卜,水浇地,第二季,3000.0,3.25,500.0,36000.0,D6,12.0,0,20.8119988
37,红萝卜,水浇地,第二季,3000.0,3.25,500.0,36000.0,D7,22.0,0,20.8119988
37,红萝卜,水浇地,第二季,3000.0,3.25,500.0,36000.0,D8,20.0,0,20.8119988
38,榆黄菇,普通大棚,第二季,5000.0,57.5,3000.0,9000.0,E1,0.6,0,69.93806037
38,榆黄菇,普通大棚,第二季,5000.0,57.5,3000.0,9000.0,E2,0.6,0,69.93806037
38,榆黄菇,普通大棚,第二季,5000.0,57.5,3000.0,9000.0,E3,0.6,0,69.93806037
38,榆黄菇,普通大棚,第二季,5000.0,57.5,3000.0,9000.0,E4,0.6,0,69.93806037
38,榆黄菇,普通大棚,第二季,5000.0,57.5,3000.0,9000.0,E5,0.6,0,69.93806037
38,榆黄菇,普通大棚,第二季,5000.0,57.5,3000.0,9000.0,E6,0.6,0,69.93806037
38,榆黄菇,普通大棚,第二季,5000.0,57.5,3000.0,9000.0,E7,0.6,0,69.93806037
38,榆黄菇,普通大棚,第二季,5000.0,57.5,3000.0,9000.0,E8,0.6,0,69.93806037
38,榆黄菇,普通大棚,第二季,5000.0,57.5,3000.0,9000.0,E9,0.6,0,69.93806037
38,榆黄菇,普通大棚,第二季,5000.0,57.5,3000.0,9000.0,E10,0.6,0,69.93806037
38,榆黄菇,普通大棚,第二季,5000.0,57.5,3000.0,9000.0,E11,0.6,0,69.93806037
38,榆黄菇,普通大棚,第二季,5000.0,57.5,3000.0,9000.0,E12,0.6,0,69.93806037
38,榆黄菇,普通大棚,第二季,5000.0,57.5,3000.0,9000.0,E13,0.6,0,69.93806037
38,榆黄菇,普通大棚,第二季,5000.0,57.5,3000.0,9000.0,E14,0.6,0,69.93806037
38,榆黄菇,普通大棚,第二季,5000.0,57.5,3000.0,9000.0,E15,0.6,0,69.93806037
38,榆黄菇,普通大棚,第二季,5000.0,57.5,3000.0,9000.0,E16,0.6,0,69.93806037
39,香菇,普通大棚,第二季,4000.0,19.0,2000.0,7199.999999999999,E1,0.6,0,29.29928394
39,香菇,普通大棚,第二季,4000.0,19.0,2000.0,7199.999999999999,E2,0.6,0,29.29928394
39,香菇,普通大棚,第二季,4000.0,19.0,2000.0,7199.999999999999,E3,0.6,0,29.29928394
39,香菇,普通大棚,第二季,4000.0,19.0,2000.0,7199.999999999999,E4,0.6,0,29.29928394
39,香菇,普通大棚,第二季,4000.0,19.0,2000.0,7199.999999999999,E5,0.6,0,29.29928394
39,香菇,普通大棚,第二季,4000.0,19.0,2000.0,7199.999999999999,E6,0.6,0,29.29928394
39,香菇,普通大棚,第二季,4000.0,19.0,2000.0,7199.999999999999,E7,0.6,0,29.29928394
39,香菇,普通大棚,第二季,4000.0,19.0,2000.0,7199.999999999999,E8,0.6,0,29.29928394
39,香菇,普通大棚,第二季,4000.0,19.0,2000.0,7199.999999999999,E9,0.6,0,29.29928394
39,香菇,普通大棚,第二季,4000.0,19.0,2000.0,7199.999999999999,E10,0.6,0,29.29928394
39,香菇,普通大棚,第二季,4000.0,19.0,2000.0,7199.999999999999,E11,0.6,0,29.29928394
39,香菇,普通大棚,第二季,4000.0,19.0,2000.0,7199.999999999999,E12,0.6,0,29.29928394
39,香菇,普通大棚,第二季,4000.0,19.0,2000.0,7199.999999999999,E13,0.6,0,29.29928394
39,香菇,普通大棚,第二季,4000.0,19.0,2000.0,7199.999999999999,E14,0.6,0,29.29928394
39,香菇,普通大棚,第二季,4000.0,19.0,2000.0,7199.999999999999,E15,0.6,0,29.29928394
39,香菇,普通大棚,第二季,4000.0,19.0,2000.0,7199.999999999999,E16,0.6,0,29.29928394
40,白灵菇,普通大棚,第二季,10000.0,16.0,10000.0,18000.0,E1,0.6,0,42.90373362
40,白灵菇,普通大棚,第二季,10000.0,16.0,10000.0,18000.0,E2,0.6,0,42.90373362
40,白灵菇,普通大棚,第二季,10000.0,16.0,10000.0,18000.0,E3,0.6,0,42.90373362
40,白灵菇,普通大棚,第二季,10000.0,16.0,10000.0,18000.0,E4,0.6,0,42.90373362
40,白灵菇,普通大棚,第二季,10000.0,16.0,10000.0,18000.0,E5,0.6,0,42.90373362
40,白灵菇,普通大棚,第二季,10000.0,16.0,10000.0,18000.0,E6,0.6,0,42.90373362
40,白灵菇,普通大棚,第二季,10000.0,16.0,10000.0,18000.0,E7,0.6,0,42.90373362
40,白灵菇,普通大棚,第二季,10000.0,16.0,10000.0,18000.0,E8,0.6,0,42.90373362
40,白灵菇,普通大棚,第二季,10000.0,16.0,10000.0,18000.0,E9,0.6,0,42.90373362
40,白灵菇,普通大棚,第二季,10000.0,16.0,10000.0,18000.0,E10,0.6,0,42.90373362
40,白灵菇,普通大棚,第二季,10000.0,16.0,10000.0,18000.0,E11,0.6,0,42.90373362
40,白灵菇,普通大棚,第二季,10000.0,16.0,10000.0,18000.0,E12,0.6,0,42.90373362
40,白灵菇,普通大棚,第二季,10000.0,16.0,10000.0,18000.0,E13,0.6,0,42.90373362
40,白灵菇,普通大棚,第二季,10000.0,16.0,10000.0,18000.0,E14,0.6,0,42.90373362
40,白灵菇,普通大棚,第二季,10000.0,16.0,10000.0,18000.0,E15,0.6,0,42.90373362
40,白灵菇,普通大棚,第二季,10000.0,16.0,10000.0,18000.0,E16,0.6,0,42.90373362
41,羊肚菌,普通大棚,第二季,1000.0,100.0,10000.0,4200.0,E1,0.6,0,100.0
41,羊肚菌,普通大棚,第二季,1000.0,100.0,10000.0,4200.0,E2,0.6,0,100.0
41,羊肚菌,普通大棚,第二季,1000.0,100.0,10000.0,4200.0,E3,0.6,0,100.0
41,羊肚菌,普通大棚,第二季,1000.0,100.0,10000.0,4200.0,E4,0.6,0,100.0
41,羊肚菌,普通大棚,第二季,1000.0,100.0,10000.0,4200.0,E5,0.6,0,100.0
41,羊肚菌,普通大棚,第二季,1000.0,100.0,10000.0,4200.0,E6,0.6,0,100.0
41,羊肚菌,普通大棚,第二季,1000.0,100.0,10000.0,4200.0,E7,0.6,0,100.0
41,羊肚菌,普通大棚,第二季,1000.0,100.0,10000.0,4200.0,E8,0.6,0,100.0
41,羊肚菌,普通大棚,第二季,1000.0,100.0,10000.0,4200.0,E9,0.6,0,100.0
41,羊肚菌,普通大棚,第二季,1000.0,100.0,10000.0,4200.0,E10,0.6,0,100.0
41,羊肚菌,普通大棚,第二季,1000.0,100.0,10000.0,4200.0,E11,0.6,0,100.0
41,羊肚菌,普通大棚,第二季,1000.0,100.0,10000.0,4200.0,E12,0.6,0,100.0
41,羊肚菌,普通大棚,第二季,1000.0,100.0,10000.0,4200.0,E13,0.6,0,100.0
41,羊肚菌,普通大棚,第二季,1000.0,100.0,10000.0,4200.0,E14,0.6,0,100.0
41,羊肚菌,普通大棚,第二季,1000.0,100.0,10000.0,4200.0,E15,0.6,0,100.0
41,羊肚菌,普通大棚,第二季,1000.0,100.0,10000.0,4200.0,E16,0.6,0,100.0
